time,lasttime,lat,lng,speed,course,altitude,comment
2020-10-09 17:20:32,2020-10-09 17:20:32,46.27567,-119.27950,9,357,296.88,"08 4.56 27 297 4"
2020-10-09 17:22:29,2020-10-09 17:22:29,46.27883,-119.27933,11,360,369.72,"10 4.46 25 370 5"
2020-10-09 17:24:30,2020-10-09 17:24:30,46.28217,-119.27900,11,16,443.79,"10 4.36 24 444 6"
2020-10-09 17:26:34,2020-10-09 17:26:34,46.28600,-119.27767,13,10,510.84,"10 4.52 27 511 7"
2020-10-09 17:28:35,2020-10-09 17:28:35,46.28950,-119.27633,9,11,642.82,"09 4.54 25 643 8"
2020-10-09 17:30:35,2020-10-09 17:30:35,46.29267,-119.27450,11,31,744.93,"10 4.56 25 745 9"
2020-10-09 17:32:27,2020-10-09 17:32:27,46.29750,-119.26833,22,43,867.77,"11 4.50 23 868 10"
2020-10-09 17:34:26,2020-10-09 17:34:26,46.30283,-119.25933,33,54,991.82,"11 4.50 23 992 11"
2020-10-09 17:36:29,2020-10-09 17:36:29,46.31067,-119.24567,44,46,1091.79,"11 4.44 26 1092 12"
2020-10-09 17:38:33,2020-10-09 17:38:33,46.32000,-119.23150,46,47,1143.91,"11 4.64 24 1144 13"
2020-10-09 17:40:30,2020-10-09 17:40:30,46.32933,-119.21683,44,47,1253.95,"12 4.64 25 1254 14"
2020-10-09 17:42:30,2020-10-09 17:42:30,46.33850,-119.20283,43,45,1390.80,"12 4.56 24 1391 15"
2020-10-09 17:44:35,2020-10-09 17:44:35,46.34717,-119.19000,39,47,1552.04,"12 4.38 23 1552 16"
2020-10-09 17:46:33,2020-10-09 17:46:33,46.35450,-119.17817,33,47,1655.98,"12 4.52 21 1656 17"
2020-10-09 17:48:34,2020-10-09 17:48:34,46.36033,-119.16850,20,46,1737.06,"11 4.66 21 1737 18"
2020-10-09 17:50:26,2020-10-09 17:50:26,46.36433,-119.16183,20,52,1867.81,"12 4.44 24 1868 19"
2020-10-09 17:52:30,2020-10-09 17:52:30,46.36850,-119.15167,30,63,2022.96,"12 4.64 23 2023 20"
2020-10-09 17:54:32,2020-10-09 17:54:32,46.37117,-119.13900,30,79,2152.80,"12 4.42 24 2153 21"
2020-10-09 17:58:27,2020-10-09 17:58:27,46.37600,-119.11183,31,73,2349.09,"12 4.54 20 2349 23"
2020-10-09 18:00:33,2020-10-09 18:00:33,46.37917,-119.09683,35,70,2481.07,"12 4.66 21 2481 24"
2020-10-09 18:02:29,2020-10-09 18:02:29,46.38300,-119.08167,37,71,2607.87,"12 4.56 20 2608 25"
2020-10-09 18:06:34,2020-10-09 18:06:34,46.39167,-119.05083,39,60,2820.01,"12 4.72 19 2820 27"
2020-10-09 18:10:28,2020-10-09 18:10:28,46.40200,-119.01950,39,67,3108.05,"12 4.56 18 3108 29"
2020-10-09 18:12:29,2020-10-09 18:12:29,46.40650,-119.00450,35,66,3261.06,"12 4.56 16 3261 30"
2020-10-09 18:14:33,2020-10-09 18:14:33,46.41100,-118.98900,43,66,3385.11,"12 4.72 15 3385 31"
2020-10-09 18:16:31,2020-10-09 18:16:31,46.41633,-118.97017,48,67,3510.08,"12 4.74 15 3510 32"
2020-10-09 18:18:30,2020-10-09 18:18:30,46.42133,-118.94983,50,73,3635.96,"11 4.78 11 3636 33"
2020-10-09 18:20:30,2020-10-09 18:20:30,46.42550,-118.92750,54,75,3767.02,"11 4.82 9 3767 34"
2020-10-09 18:22:29,2020-10-09 18:22:29,46.42950,-118.90450,54,78,3890.16,"11 4.70 9 3890 35"
2020-10-09 18:24:32,2020-10-09 18:24:32,46.43317,-118.88017,59,75,4023.06,"11 4.66 15 4023 36"
2020-10-09 18:28:27,2020-10-09 18:28:27,46.44100,-118.83050,57,73,4268.11,"11 4.82 11 4268 38"
2020-10-09 18:30:27,2020-10-09 18:30:27,46.44650,-118.80417,63,73,4411.98,"10 4.72 8 4412 39"
2020-10-09 18:32:28,2020-10-09 18:32:28,46.45183,-118.77683,67,71,4582.97,"11 4.86 10 4583 40"
2020-10-09 18:34:30,2020-10-09 18:34:30,46.45833,-118.74850,69,72,4737.20,"11 4.72 9 4737 41"
2020-10-09 18:36:33,2020-10-09 18:36:33,46.46417,-118.72017,67,72,4885.94,"10 4.74 9 4886 42"
2020-10-09 18:38:35,2020-10-09 18:38:35,46.47017,-118.69200,70,75,5052.97,"10 4.90 8 5053 43"
2020-10-09 18:40:31,2020-10-09 18:40:31,46.47467,-118.66067,74,80,5221.22,"10 4.74 8 5221 44"
2020-10-09 18:42:29,2020-10-09 18:42:29,46.47850,-118.62883,74,80,5376.06,"10 4.82 4 5376 45"
2020-10-09 18:46:35,2020-10-09 18:46:35,46.48883,-118.56783,70,73,5680.25,"10 4.92 2 5680 47"
2020-10-09 18:48:31,2020-10-09 18:48:31,46.49567,-118.53883,69,71,5851.25,"11 4.80 4 5851 48"
2020-10-09 18:50:34,2020-10-09 18:50:34,46.50217,-118.51033,70,71,6011.27,"11 4.88 -3 6011 49"
2020-10-09 18:52:30,2020-10-09 18:52:30,46.50850,-118.48083,70,73,6189.27,"11 4.78 -3 6189 50"
2020-10-09 18:54:31,2020-10-09 18:54:31,46.51450,-118.45117,70,73,6386.17,"11 4.92 -6 6386 51"
2020-10-09 18:56:32,2020-10-09 18:56:32,46.52100,-118.42167,72,71,6565.09,"11 4.88 -6 6565 52"
2020-10-09 18:58:32,2020-10-09 18:58:32,46.52833,-118.39167,70,68,6731.20,"10 4.84 -6 6731 53"
2020-10-09 19:02:32,2020-10-09 19:02:32,46.54500,-118.34133,59,61,7086.30,"11 4.96 -4 7086 55"
2020-10-09 19:04:26,2020-10-09 19:04:26,46.55267,-118.31550,65,70,7242.35,"11 5.02 -7 7242 56"
2020-10-09 19:06:34,2020-10-09 19:06:34,46.55883,-118.28983,63,68,7399.32,"11 4.90 -4 7399 57"
2020-10-09 19:08:31,2020-10-09 19:08:31,46.56717,-118.26400,65,58,7594.09,"11 5.04 -9 7594 58"
2020-10-09 19:10:29,2020-10-09 19:10:29,46.57800,-118.24067,61,56,7794.35,"11 5.04 -13 7794 59"
2020-10-09 19:12:32,2020-10-09 19:12:32,46.58850,-118.21850,61,53,7953.15,"11 4.94 -7 7953 60"
2020-10-09 19:14:33,2020-10-09 19:14:33,46.59983,-118.19683,63,52,8120.18,"11 5.00 -10 8120 61"
2020-10-09 19:16:31,2020-10-09 19:16:31,46.61150,-118.17467,63,53,8337.19,"11 5.08 -11 8337 62"
2020-10-09 19:18:27,2020-10-09 19:18:27,46.62183,-118.15300,57,57,8573.41,"11 5.06 -16 8573 63"
2020-10-09 19:20:34,2020-10-09 19:20:34,46.63000,-118.13150,54,64,8786.16,"11 5.14 -16 8786 64"
2020-10-09 19:22:31,2020-10-09 19:22:31,46.63633,-118.10867,56,70,8993.43,"11 5.14 -16 8993 65"
2020-10-09 19:24:32,2020-10-09 19:24:32,46.64150,-118.08600,52,76,9202.22,"10 5.08 -20 9202 66"
2020-10-09 19:26:30,2020-10-09 19:26:30,46.64450,-118.06583,41,77,9420.45,"10 5.00 -23 9420 67"
2020-10-09 19:28:32,2020-10-09 19:28:32,46.64717,-118.05100,31,77,9643.26,"10 5.18 -23 9643 68"
2020-10-09 19:30:35,2020-10-09 19:30:35,46.64717,-118.03783,30,104,9866.38,"10 5.18 -25 9866 69"
2020-10-09 19:32:32,2020-10-09 19:32:32,46.64433,-118.02267,43,106,10100.46,"10 5.16 -27 10100 70"
2020-10-09 19:34:35,2020-10-09 19:34:35,46.64033,-118.00467,43,107,10336.38,"10 5.10 -30 10336 71"
2020-10-09 19:36:28,2020-10-09 19:36:28,46.63383,-117.98500,56,118,10595.46,"10 5.14 -31 10595 72"
2020-10-09 19:38:26,2020-10-09 19:38:26,46.62483,-117.96417,56,122,10803.33,"10 5.20 -35 10803 73"
2020-10-09 19:40:35,2020-10-09 19:40:35,46.61533,-117.94483,57,132,10968.53,"10 5.04 -33 10968 74"
2020-10-09 19:42:29,2020-10-09 19:42:29,46.60633,-117.92750,48,127,11126.42,"10 5.16 -35 11126 75"
2020-10-09 19:44:34,2020-10-09 19:44:34,46.59767,-117.91150,41,130,11290.40,"10 5.16 -35 11290 76"
2020-10-09 19:46:35,2020-10-09 19:46:35,46.59217,-117.89833,28,106,11419.33,"10 5.06 -35 11419 77"
2020-10-09 19:48:28,2020-10-09 19:48:28,46.58850,-117.88500,33,101,11530.28,"10 5.14 -37 11530 78"
2020-10-09 19:50:29,2020-10-09 19:50:29,46.58517,-117.86783,44,92,11666.52,"10 5.10 -36 11666 79"
2020-10-09 19:52:27,2020-10-09 19:52:27,46.58617,-117.84900,48,81,11859.46,"10 5.10 -35 11859 80"
2020-10-09 19:54:29,2020-10-09 19:54:29,46.58583,-117.82767,54,97,12044.48,"10 5.14 -35 12044 81"
2020-10-09 19:56:34,2020-10-09 19:56:34,46.58433,-117.80500,52,93,12164.57,"11 5.10 -31 12164 82"
2020-10-09 19:58:34,2020-10-09 19:58:34,46.58450,-117.78083,56,83,12267.59,"10 5.12 -29 12267 83"
2020-10-09 20:00:31,2020-10-09 20:00:31,46.58617,-117.75733,52,84,12355.37,"10 4.98 -15 12355 84"
2020-10-09 20:02:33,2020-10-09 20:02:33,46.58783,-117.73383,56,82,12374.58,"11 4.76 -12 12374 85"
2020-10-09 20:04:29,2020-10-09 20:04:29,46.59000,-117.70933,57,83,12400.48,"11 4.86 -8 12400 86"
2020-10-09 20:06:29,2020-10-09 20:06:29,46.59200,-117.68417,57,84,12389.51,"11 4.92 -9 12389 87"
2020-10-09 20:08:27,2020-10-09 20:08:27,46.59350,-117.65800,61,86,12390.42,"10 4.94 -13 12390 88"
2020-10-09 20:10:31,2020-10-09 20:10:31,46.59417,-117.63017,63,88,12366.35,"10 4.82 -13 12366 89"
2020-10-09 20:12:35,2020-10-09 20:12:35,46.59467,-117.60183,65,88,12349.58,"11 4.90 -13 12349 90"
2020-10-09 20:16:33,2020-10-09 20:16:33,46.59667,-117.54700,59,86,12370.31,"11 4.76 -7 12370 92"
2020-10-09 20:18:26,2020-10-09 20:18:26,46.59783,-117.52150,57,85,12373.36,"11 4.78 -15 12373 93"
2020-10-09 20:22:33,2020-10-09 20:22:33,46.59983,-117.47133,59,88,12368.48,"12 4.74 -8 12368 95"
2020-10-09 20:24:31,2020-10-09 20:24:31,46.60033,-117.44517,59,87,12383.41,"12 4.80 -13 12383 96"
2020-10-09 20:26:28,2020-10-09 20:26:28,46.60083,-117.41917,59,89,12351.41,"12 4.86 -13 12351 97"
2020-10-09 20:28:33,2020-10-09 20:28:33,46.60033,-117.39267,59,93,12351.41,"12 4.82 -13 12351 98"
2020-10-09 20:30:32,2020-10-09 20:30:32,46.59967,-117.36650,61,91,12382.50,"12 4.92 -14 12382 99"
2020-10-09 20:32:34,2020-10-09 20:32:34,46.59933,-117.33967,61,90,12400.48,"12 4.84 -15 12400 100"
2020-10-09 20:34:31,2020-10-09 20:34:31,46.59917,-117.31317,59,90,12427.31,"12 4.98 -16 12427 101"
2020-10-09 20:36:30,2020-10-09 20:36:30,46.59917,-117.28733,59,89,12422.43,"12 4.82 -13 12422 102"
2020-10-09 20:38:28,2020-10-09 20:38:28,46.59883,-117.26133,59,92,12408.41,"12 4.88 -8 12408 103"
2020-10-09 20:40:32,2020-10-09 20:40:32,46.59767,-117.23517,59,94,12391.34,"12 4.76 -10 12391 104"
2020-10-09 20:42:30,2020-10-09 20:42:30,46.59600,-117.20817,63,95,12426.39,"12 4.72 -3 12426 105"
2020-10-09 20:44:35,2020-10-09 20:44:35,46.59383,-117.18033,63,95,12423.34,"12 4.98 -10 12423 106"
2020-10-09 20:46:33,2020-10-09 20:46:33,46.59200,-117.15300,61,96,12423.34,"12 4.82 -11 12423 107"
2020-10-09 20:48:30,2020-10-09 20:48:30,46.58967,-117.12650,59,97,12432.49,"12 4.82 -8 12432 108"
2020-10-09 20:50:27,2020-10-09 20:50:27,46.58683,-117.10017,61,99,12433.40,"11 4.84 -9 12433 109"
2020-10-09 20:52:34,2020-10-09 20:52:34,46.58367,-117.07283,63,99,12420.60,"12 4.74 -8 12420 110"
2020-10-09 20:54:27,2020-10-09 20:54:27,46.58050,-117.04583,61,99,12403.53,"12 4.78 -8 12403 111"
2020-10-09 20:56:31,2020-10-09 20:56:31,46.57750,-117.01850,63,99,12425.48,"12 4.72 -11 12425 112"
2020-10-09 20:58:29,2020-10-09 20:58:29,46.57433,-116.99150,61,99,12423.34,"12 4.90 -7 12423 113"
2020-10-09 21:00:29,2020-10-09 21:00:29,46.57133,-116.96500,61,99,12414.50,"12 4.94 -8 12414 114"
2020-10-09 21:02:29,2020-10-09 21:02:29,46.56833,-116.93917,59,99,12436.45,"12 4.82 -14 12436 115"
2020-10-09 21:04:35,2020-10-09 21:04:35,46.56500,-116.91300,61,100,12424.56,"12 4.88 -13 12424 116"
2020-10-09 21:06:30,2020-10-09 21:06:30,46.56150,-116.88700,59,100,12424.56,"11 4.64 -5 12424 117"
2020-10-09 21:08:34,2020-10-09 21:08:34,46.55817,-116.86100,61,100,12428.52,"11 4.74 -12 12428 118"
2020-10-09 21:10:35,2020-10-09 21:10:35,46.55467,-116.83433,63,101,12441.33,"10 4.76 -12 12441 119"
2020-10-09 21:12:30,2020-10-09 21:12:30,46.55100,-116.80700,63,100,12427.31,"10 4.92 -11 12427 120"
2020-10-09 21:14:26,2020-10-09 21:14:26,46.54783,-116.77983,63,99,12411.46,"11 4.74 -8 12411 121"
2020-10-09 21:16:30,2020-10-09 21:16:30,46.54450,-116.75283,63,100,12435.54,"11 4.70 -7 12435 122"
2020-10-09 21:18:34,2020-10-09 21:18:34,46.54067,-116.72567,63,102,12415.42,"11 4.78 -12 12415 123"
2020-10-09 21:20:32,2020-10-09 21:20:32,46.53633,-116.69817,65,103,12423.34,"11 4.86 -8 12423 124"
2020-10-09 21:22:26,2020-10-09 21:22:26,46.53167,-116.67017,67,103,12418.47,"11 4.68 -7 12418 125"
2020-10-09 21:24:35,2020-10-09 21:24:35,46.52683,-116.64167,67,104,12428.52,"10 4.60 -4 12428 126"
2020-10-09 21:26:35,2020-10-09 21:26:35,46.52167,-116.61383,65,105,12395.30,"09 4.62 -6 12395 127"
2020-10-09 21:28:26,2020-10-09 21:28:26,46.51633,-116.58717,61,107,12360.55,"10 4.90 -13 12360 128"
2020-10-09 21:30:28,2020-10-09 21:30:28,46.51050,-116.56183,61,108,12375.49,"10 4.86 -6 12375 129"
2020-10-09 21:32:30,2020-10-09 21:32:30,46.50483,-116.53667,59,108,12375.49,"12 4.66 -9 12375 130"
2020-10-09 21:34:33,2020-10-09 21:34:33,46.49917,-116.51167,59,107,12406.58,"11 4.96 -16 12406 131"
2020-10-09 21:36:29,2020-10-09 21:36:29,46.49417,-116.48733,57,107,12410.54,"11 4.94 -14 12410 132"
2020-10-09 21:38:30,2020-10-09 21:38:30,46.48867,-116.46250,61,108,12397.44,"11 4.98 -16 12397 133"
2020-10-09 21:40:33,2020-10-09 21:40:33,46.48283,-116.43717,59,107,12409.32,"11 4.78 -16 12409 134"
2020-10-09 21:42:30,2020-10-09 21:42:30,46.47750,-116.41250,57,107,12378.54,"10 4.94 -14 12378 135"
2020-10-09 21:44:28,2020-10-09 21:44:28,46.47233,-116.38883,56,107,12370.31,"10 4.90 -8 12370 136"
2020-10-09 21:46:26,2020-10-09 21:46:26,46.46717,-116.36617,54,108,12389.51,"10 4.90 -8 12389 137"
2020-10-09 21:48:30,2020-10-09 21:48:30,46.46250,-116.34383,52,105,12389.51,"10 4.84 -12 12389 138"
2020-10-09 21:50:31,2020-10-09 21:50:31,46.45833,-116.32183,54,105,12388.60,"10 4.54 -5 12388 139"
2020-10-09 21:52:31,2020-10-09 21:52:31,46.45350,-116.29900,56,107,12395.30,"10 4.82 -13 12395 140"
2020-10-09 21:54:29,2020-10-09 21:54:29,46.44867,-116.27617,56,107,12382.50,"10 4.56 -12 12382 141"
2020-10-09 21:56:31,2020-10-09 21:56:31,46.44367,-116.25383,52,107,12409.32,"10 4.96 -12 12409 142"
2020-10-09 21:58:35,2020-10-09 21:58:35,46.43917,-116.23233,50,107,12419.38,"10 4.82 -12 12419 143"
2020-10-09 22:00:30,2020-10-09 22:00:30,46.43433,-116.21033,54,106,12429.44,"09 4.88 -7 12429 144"
2020-10-09 22:02:31,2020-10-09 22:02:31,46.42967,-116.18733,56,105,12428.52,"11 4.94 -11 12428 145"
2020-10-09 22:04:26,2020-10-09 22:04:26,46.42500,-116.16283,59,105,12429.44,"11 4.94 -12 12429 146"
2020-10-09 22:06:26,2020-10-09 22:06:26,46.42017,-116.13850,57,105,12411.46,"11 4.90 -5 12411 147"
2020-10-09 22:08:27,2020-10-09 22:08:27,46.41550,-116.11483,56,105,12413.59,"11 4.54 -6 12413 148"
2020-10-09 22:10:26,2020-10-09 22:10:26,46.41117,-116.09200,54,104,12420.60,"11 4.62 -14 12420 149"
2020-10-09 22:12:28,2020-10-09 22:12:28,46.40700,-116.06917,54,104,12424.56,"11 3.92 -5 12424 150"
2020-10-09 22:14:31,2020-10-09 22:14:31,46.40267,-116.04650,54,105,12415.42,"11 4.60 -10 12415 151"
2020-10-09 22:16:35,2020-10-09 22:16:35,46.39833,-116.02450,50,106,12416.33,"12 4.78 -7 12416 152"
2020-10-09 22:18:26,2020-10-09 22:18:26,46.39417,-116.00300,52,105,12412.37,"12 4.92 -6 12412 153"
2020-10-09 22:20:34,2020-10-09 22:20:34,46.39017,-115.98067,54,103,12421.51,"12 4.90 -12 12421 154"
2020-10-09 22:22:35,2020-10-09 22:22:35,46.38617,-115.95783,54,104,12416.33,"12 3.70 -10 12416 155"
2020-10-09 22:24:35,2020-10-09 22:24:35,46.38250,-115.93550,50,102,12405.36,"12 4.92 -10 12405 156"
2020-10-09 22:26:35,2020-10-09 22:26:35,46.37933,-115.91500,46,101,12382.50,"12 4.76 -14 12382 157"
2020-10-09 22:28:29,2020-10-09 22:28:29,46.37667,-115.89550,46,101,12401.40,"12 4.02 -5 12401 158"
2020-10-09 22:30:29,2020-10-09 22:30:29,46.37417,-115.87517,48,98,12397.44,"12 4.20 -7 12397 159"
2020-10-09 22:32:31,2020-10-09 22:32:31,46.37183,-115.85450,48,98,12375.49,"12 4.90 -6 12375 160"
2020-10-09 22:34:32,2020-10-09 22:34:32,46.36983,-115.83367,46,96,12394.39,"12 3.90 -1 12394 161"
2020-10-09 22:36:28,2020-10-09 22:36:28,46.36833,-115.81350,46,96,12387.38,"12 3.84 -10 12387 162"
2020-10-09 22:38:32,2020-10-09 22:38:32,46.36667,-115.79350,46,97,12385.55,"12 3.82 -4 12385 163"
2020-10-09 22:40:26,2020-10-09 22:40:26,46.36467,-115.77350,46,97,12394.39,"12 4.86 -5 12394 164"
2020-10-09 22:42:32,2020-10-09 22:42:32,46.36333,-115.75333,46,94,12391.34,"12 4.40 -10 12391 165"
2020-10-09 22:44:27,2020-10-09 22:44:27,46.36217,-115.73317,46,94,12381.59,"12 4.80 -24 12381 166"
2020-10-09 22:46:26,2020-10-09 22:46:26,46.36117,-115.71300,46,94,12383.41,"12 4.36 -20 12383 167"
2020-10-09 22:48:34,2020-10-09 22:48:34,46.36000,-115.69317,46,96,12401.40,"12 4.22 -10 12401 168"
2020-10-09 22:50:31,2020-10-09 22:50:31,46.35850,-115.67267,48,95,12397.44,"12 4.82 -14 12397 169"
2020-10-09 22:52:34,2020-10-09 22:52:34,46.35733,-115.65150,48,94,12401.40,"12 4.78 -13 12401 170"
2020-10-09 22:54:28,2020-10-09 22:54:28,46.35650,-115.63083,46,92,12384.33,"11 4.84 -8 12384 171"
2020-10-09 22:56:27,2020-10-09 22:56:27,46.35583,-115.61117,44,92,12389.51,"10 4.72 -11 12389 172"
2020-10-09 22:58:32,2020-10-09 22:58:32,46.35533,-115.59133,46,92,12396.52,"10 4.54 -11 12396 173"
2020-10-09 23:00:32,2020-10-09 23:00:32,46.35450,-115.57067,46,94,12386.46,"10 4.82 -6 12386 174"
2020-10-09 23:02:34,2020-10-09 23:02:34,46.35283,-115.55050,46,97,12398.35,"10 4.56 -4 12398 175"
2020-10-09 23:08:34,2020-10-09 23:08:34,46.34783,-115.49133,44,95,12373.36,"10 4.40 -7 12373 178"
2020-10-09 23:10:35,2020-10-09 23:10:35,46.34667,-115.47117,46,95,12392.56,"10 4.34 -8 12392 179"
2020-10-09 23:12:31,2020-10-09 23:12:31,46.34567,-115.45083,46,94,12372.44,"10 4.80 -8 12372 180"
2020-10-09 23:14:26,2020-10-09 23:14:26,46.34483,-115.43167,41,92,12376.40,"10 3.84 -6 12376 181"
2020-10-09 23:26:19,2020-10-09 23:26:19,46.34500,-115.32700,39,89,12371.53,"09 4.26 -8 12371 4"
2020-10-09 23:28:16,2020-10-09 23:28:16,46.34500,-115.30950,41,90,12376.40,"09 4.44 -5 12376 5"
2020-10-09 23:39:14,2020-10-09 23:39:14,46.34300,-115.21150,43,94,12370.31,"08 4.06 -9 12370 4"
2020-10-09 23:41:11,2020-10-09 23:41:11,46.34200,-115.19333,41,93,12374.58,"08 3.88 -9 12374 5"
2020-10-09 23:43:12,2020-10-09 23:43:12,46.34150,-115.17583,39,92,12375.49,"09 4.52 -8 12375 6"
2020-10-09 23:45:16,2020-10-09 23:45:16,46.34100,-115.15833,41,93,12373.36,"10 3.26 -17 12373 7"
2020-10-10 14:50:56,2020-10-10 14:50:57,48.67733,-107.02083,72,54,12210.59,"09 4.38 -1"
2020-10-10 15:19:01,2020-10-10 15:19:01,48.84000,-106.61400,74,64,12198.40,"08 4.28 -10 12198 2"
2020-10-10 15:21:03,2020-10-10 15:21:03,48.84950,-106.58317,74,63,12194.44,"10 3.28 3 12194 3"
2020-10-10 15:33:32,2020-10-10 15:33:32,48.91033,-106.38667,74,65,12202.36,"11 4.06 -9 12202 4"
2020-10-10 15:35:29,2020-10-10 15:35:29,48.91950,-106.35617,72,64,12223.39,"11 4.46 -13 12223 5"
2020-10-10 15:37:30,2020-10-10 15:37:30,48.92950,-106.32650,72,62,12210.59,"11 4.42 -9 12210 6"
2020-10-10 15:47:48,2020-10-10 15:47:48,48.98300,-106.17633,72,62,12225.53,"10 3.78 -10 12225 4"
2020-10-10 15:49:45,2020-10-10 15:49:45,48.99317,-106.14700,72,61,12229.49,"10 3.86 -11 12229 5"
2020-10-10 16:00:53,2020-10-10 16:00:53,49.05617,-105.98950,70,52,12245.34,"09 3.52 -8 12245 4"
2020-10-10 16:02:50,2020-10-10 16:02:50,49.06900,-105.96317,72,54,12257.53,"09 4.82 -5 12257 5"
2020-10-10 16:04:51,2020-10-10 16:04:51,49.08183,-105.93633,72,54,12251.44,"11 4.68 -8 12251 6"
2020-10-10 16:06:55,2020-10-10 16:06:55,49.09483,-105.90917,74,54,12245.34,"10 3.78 -3 12245 7"
2020-10-10 16:08:56,2020-10-10 16:08:56,49.10767,-105.88133,74,55,12243.51,"10 4.70 -8 12243 8"
2020-10-10 16:10:56,2020-10-10 16:10:56,49.12033,-105.85333,74,55,12252.35,"10 4.82 -14 12252 9"
2020-10-10 16:12:48,2020-10-10 16:12:48,49.13317,-105.82567,72,53,12250.52,"10 3.84 -6 12250 10"
2020-10-10 16:14:47,2020-10-10 16:14:47,49.14650,-105.79917,72,51,12260.58,"10 3.28 -1 12260 11"
2020-10-10 16:16:50,2020-10-10 16:16:50,49.16000,-105.77350,70,51,12253.57,"10 3.90 -15 12253 12"
2020-10-10 16:18:54,2020-10-10 16:18:54,49.17317,-105.74700,72,53,12245.34,"12 4.86 -10 12245 13"
2020-10-10 16:20:51,2020-10-10 16:20:51,49.18633,-105.71983,74,53,12259.36,"11 4.26 -6 12259 14"
2020-10-10 16:22:51,2020-10-10 16:22:51,49.20017,-105.69283,74,50,12261.49,"11 4.18 -9 12261 15"
2020-10-10 16:24:56,2020-10-10 16:24:56,49.21450,-105.66600,76,50,12260.58,"11 3.72 -5 12260 16"
2020-10-10 16:26:54,2020-10-10 16:26:54,49.22917,-105.63883,76,51,12260.58,"11 4.70 -12 12260 17"
2020-10-10 16:28:55,2020-10-10 16:28:55,49.24367,-105.61117,78,51,12244.43,"11 4.38 -8 12244 18"
2020-10-10 16:30:47,2020-10-10 16:30:47,49.25833,-105.58300,80,52,12236.50,"10 4.58 -6 12236 19"
2020-10-10 16:32:51,2020-10-10 16:32:51,49.27300,-105.55383,80,52,12244.43,"11 4.66 -6 12244 20"
2020-10-10 16:34:53,2020-10-10 16:34:53,49.28767,-105.52450,80,53,12243.51,"11 4.84 -3 12243 21"
2020-10-10 16:36:48,2020-10-10 16:36:48,49.30167,-105.49467,80,55,12228.58,"11 4.56 -7 12228 22"
2020-10-10 16:38:48,2020-10-10 16:38:48,49.31483,-105.46417,78,57,12248.39,"11 4.76 -8 12248 23"
2020-10-10 16:40:54,2020-10-10 16:40:54,49.32767,-105.43383,78,55,12241.38,"11 4.44 -5 12241 24"
2020-10-10 16:42:50,2020-10-10 16:42:50,49.34100,-105.40450,78,54,12257.53,"11 4.16 2 12257 25"
2020-10-10 16:44:56,2020-10-10 16:44:56,49.35500,-105.37567,78,52,12251.44,"11 4.04 0 12251 26"
2020-10-10 16:46:55,2020-10-10 16:46:55,49.36967,-105.34700,80,51,12252.35,"11 4.78 -4 12252 27"
2020-10-10 16:48:56,2020-10-10 16:48:56,49.38483,-105.31750,81,52,12251.44,"11 4.50 -5 12251 28"
2020-10-10 16:50:49,2020-10-10 16:50:49,49.40000,-105.28767,81,51,12246.56,"11 4.46 -5 12246 29"
2020-10-10 16:52:50,2020-10-10 16:52:50,49.41533,-105.25800,81,51,12232.54,"10 4.32 -1 12232 30"
2020-10-10 16:54:54,2020-10-10 16:54:54,49.43033,-105.22783,83,53,12235.59,"11 4.70 -4 12235 31"
2020-10-10 16:56:52,2020-10-10 16:56:52,49.44500,-105.19700,81,54,12228.58,"11 4.76 -5 12228 32"
2020-10-10 16:58:51,2020-10-10 16:58:51,49.45867,-105.16583,81,56,12215.47,"11 4.86 -9 12215 33"
2020-10-10 17:00:52,2020-10-10 17:00:52,49.47167,-105.13400,80,58,12247.47,"11 4.76 -9 12247 34"
2020-10-10 17:02:50,2020-10-10 17:02:50,49.48450,-105.10267,80,56,12254.48,"11 4.58 -13 12254 35"
2020-10-10 17:04:53,2020-10-10 17:04:53,49.49850,-105.07217,80,53,12244.43,"11 4.46 -8 12244 36"
2020-10-10 17:06:48,2020-10-10 17:06:48,49.51317,-105.04217,81,53,12237.42,"10 4.76 -2 12237 37"
2020-10-10 17:08:48,2020-10-10 17:08:48,49.52767,-105.01167,81,54,12232.54,"10 4.86 -8 12232 38"
2020-10-10 17:10:48,2020-10-10 17:10:48,49.54150,-104.98083,80,55,12239.55,"10 4.84 -9 12239 39"
2020-10-10 17:12:49,2020-10-10 17:12:49,49.55500,-104.95017,80,55,12257.53,"09 4.64 -6 12257 40"
2020-10-10 17:14:51,2020-10-10 17:14:51,49.56883,-104.92033,78,54,12239.55,"11 4.54 -6 12239 41"
2020-10-10 17:16:54,2020-10-10 17:16:54,49.58233,-104.89067,78,55,12251.44,"09 4.60 -5 12251 42"
2020-10-10 17:18:56,2020-10-10 17:18:56,49.59600,-104.86117,80,53,12258.45,"09 4.70 -10 12258 43"
2020-10-10 17:20:52,2020-10-10 17:20:52,49.61067,-104.83150,81,52,12237.42,"10 4.80 -5 12237 44"
2020-10-10 17:22:50,2020-10-10 17:22:50,49.62533,-104.80150,80,54,12240.46,"10 4.80 -7 12240 45"
2020-10-10 17:24:47,2020-10-10 17:24:47,49.63917,-104.77067,80,55,12227.36,"10 4.90 -9 12227 46"
2020-10-10 17:26:56,2020-10-10 17:26:56,49.65317,-104.74000,81,55,12236.50,"10 4.72 -6 12236 47"
2020-10-10 17:28:53,2020-10-10 17:28:53,49.66700,-104.70917,80,56,12240.46,"10 4.76 -7 12240 48"
2020-10-10 17:30:56,2020-10-10 17:30:56,49.68017,-104.67833,78,56,12251.44,"10 4.72 -5 12251 49"
2020-10-10 17:32:51,2020-10-10 17:32:51,49.69333,-104.64833,76,55,12236.50,"10 4.92 -9 12236 50"
2020-10-10 17:34:52,2020-10-10 17:34:52,49.70600,-104.61883,76,56,12234.37,"12 4.72 -11 12234 51"
2020-10-10 17:36:53,2020-10-10 17:36:53,49.71850,-104.58967,74,56,12248.39,"11 4.86 -11 12248 52"
2020-10-10 17:38:53,2020-10-10 17:38:53,49.73117,-104.56033,76,55,12243.51,"10 4.86 -5 12243 53"
2020-10-10 17:40:56,2020-10-10 17:40:56,49.74417,-104.53067,78,56,12252.35,"11 4.92 -6 12252 54"
2020-10-10 17:42:54,2020-10-10 17:42:54,49.75717,-104.50050,78,56,12239.55,"11 4.74 -9 12239 55"
2020-10-10 17:44:47,2020-10-10 17:44:47,49.76983,-104.47017,78,58,12242.60,"11 4.88 -9 12242 56"
2020-10-10 17:46:56,2020-10-10 17:46:56,49.78200,-104.43967,76,58,12240.46,"11 4.98 -6 12240 57"
2020-10-10 17:48:52,2020-10-10 17:48:52,49.79400,-104.40967,74,58,12235.59,"11 4.80 -9 12235 58"
2020-10-10 17:50:51,2020-10-10 17:50:51,49.80567,-104.37967,76,58,12255.40,"10 4.80 -10 12255 59"
2020-10-10 17:52:54,2020-10-10 17:52:54,49.81783,-104.34917,78,57,12247.47,"10 4.92 -8 12247 60"
2020-10-10 17:54:55,2020-10-10 17:54:55,49.83083,-104.31817,80,56,12250.52,"10 4.86 -12 12250 61"
2020-10-10 17:56:53,2020-10-10 17:56:53,49.84417,-104.28667,80,56,12233.45,"10 4.82 -12 12233 62"
2020-10-10 17:58:49,2020-10-10 17:58:49,49.85717,-104.25567,80,57,12223.39,"10 4.86 -7 12223 63"
2020-10-10 18:00:56,2020-10-10 18:00:56,49.86933,-104.22433,78,59,12239.55,"10 4.84 -10 12239 64"
2020-10-10 18:02:53,2020-10-10 18:02:53,49.88100,-104.19283,78,59,12253.57,"11 4.76 -12 12253 65"
2020-10-10 18:04:54,2020-10-10 18:04:54,49.89350,-104.16117,80,58,12238.33,"11 4.74 -13 12238 66"
2020-10-10 18:06:52,2020-10-10 18:06:52,49.90633,-104.12917,80,58,12231.32,"11 4.78 -8 12231 67"
2020-10-10 18:08:54,2020-10-10 18:08:54,49.91867,-104.09750,78,59,12247.47,"11 4.92 -7 12247 68"
2020-10-10 18:10:57,2020-10-10 18:10:57,49.93050,-104.06617,78,59,12236.50,"10 4.74 -6 12236 69"
2020-10-10 18:12:54,2020-10-10 18:12:54,49.94233,-104.03500,78,59,12252.35,"11 4.88 -2 12252 70"
2020-10-10 18:14:57,2020-10-10 18:14:57,49.95467,-104.00333,80,58,12257.53,"11 4.90 -6 12257 71"
2020-10-10 18:16:50,2020-10-10 18:16:50,49.96767,-103.97100,81,57,12239.55,"11 4.68 -1 12239 72"
2020-10-10 18:18:48,2020-10-10 18:18:48,49.98100,-103.93833,81,57,12238.33,"11 4.92 -6 12238 73"
2020-10-10 18:20:57,2020-10-10 18:20:57,49.99383,-103.90567,81,59,12246.56,"11 4.96 -12 12246 74"
2020-10-10 18:22:51,2020-10-10 18:22:51,50.00617,-103.87250,83,59,12246.56,"11 4.76 -11 12246 75"
2020-10-10 18:24:56,2020-10-10 18:24:56,50.01917,-103.83883,83,59,12248.39,"11 4.96 -7 12248 76"
2020-10-10 18:26:57,2020-10-10 18:26:57,50.03200,-103.80500,83,60,12239.55,"11 4.90 -13 12239 77"
2020-10-10 18:28:50,2020-10-10 18:28:50,50.04433,-103.77133,83,60,12221.57,"11 4.90 -9 12221 78"
2020-10-10 18:30:51,2020-10-10 18:30:51,50.05617,-103.73733,81,62,12242.60,"11 4.82 -9 12242 79"
2020-10-10 18:32:49,2020-10-10 18:32:49,50.06767,-103.70333,81,62,12248.39,"11 4.66 -3 12248 80"
2020-10-10 18:34:51,2020-10-10 18:34:51,50.07933,-103.66933,83,61,12247.47,"11 4.90 -7 12247 81"
2020-10-10 18:36:56,2020-10-10 18:36:56,50.09117,-103.63500,83,61,12241.38,"11 4.96 -10 12241 82"
2020-10-10 18:38:56,2020-10-10 18:38:56,50.10333,-103.60033,85,61,12241.38,"10 4.76 -8 12241 83"
2020-10-10 18:40:53,2020-10-10 18:40:53,50.11567,-103.56533,85,60,12234.37,"10 4.76 -8 12234 84"
2020-10-10 18:42:55,2020-10-10 18:42:55,50.12817,-103.53050,85,60,12242.60,"10 4.64 -4 12242 85"
2020-10-10 18:44:51,2020-10-10 18:44:51,50.14050,-103.49567,85,61,12237.42,"10 4.66 -2 12237 86"
2020-10-10 18:46:51,2020-10-10 18:46:51,50.15233,-103.46083,83,62,12247.47,"10 4.80 -8 12247 87"
2020-10-10 18:48:49,2020-10-10 18:48:49,50.16383,-103.42617,83,61,12244.43,"10 4.80 -9 12244 88"
2020-10-10 18:50:55,2020-10-10 18:50:55,50.17600,-103.39083,85,61,12247.47,"10 4.74 -4 12247 89"
2020-10-10 18:52:59,2020-10-10 18:52:59,50.18817,-103.35550,85,61,12244.43,"10 4.64 -8 12244 90"
2020-10-10 18:54:56,2020-10-10 18:54:56,50.20033,-103.32017,85,62,12264.54,"11 4.78 -13 12264 91"
2020-10-10 18:56:54,2020-10-10 18:56:54,50.21250,-103.28467,87,61,12268.50,"11 4.96 -10 12268 92"
2020-10-10 18:58:48,2020-10-10 18:58:48,50.22533,-103.24867,89,60,12256.31,"11 4.64 -3 12256 93"
2020-10-10 19:00:55,2020-10-10 19:00:55,50.23850,-103.21200,89,61,12254.48,"11 4.86 -3 12254 94"
2020-10-10 19:02:55,2020-10-10 19:02:55,50.25100,-103.17500,89,62,12220.35,"11 4.72 -7 12220 95"
2020-10-10 19:04:53,2020-10-10 19:04:53,50.26233,-103.13850,83,65,12249.30,"11 4.92 -7 12249 96"
2020-10-10 19:06:50,2020-10-10 19:06:50,50.27300,-103.10250,83,64,12229.49,"11 4.74 -4 12229 97"
2020-10-10 19:08:55,2020-10-10 19:08:55,50.28350,-103.06700,81,66,12243.51,"11 4.80 -9 12243 98"
2020-10-10 19:10:54,2020-10-10 19:10:54,50.29300,-103.03217,80,67,12250.52,"11 4.94 -14 12250 99"
2020-10-10 19:12:56,2020-10-10 19:12:56,50.30217,-102.99783,78,67,12250.52,"11 4.86 -9 12250 100"
2020-10-10 19:14:53,2020-10-10 19:14:53,50.31100,-102.96400,78,66,12280.39,"11 4.98 -10 12280 101"
2020-10-10 19:16:52,2020-10-10 19:16:52,50.32050,-102.92967,80,66,12273.38,"11 4.84 -13 12273 102"
2020-10-10 19:18:50,2020-10-10 19:18:50,50.33017,-102.89467,81,66,12276.43,"11 4.72 -8 12276 103"
2020-10-10 19:20:54,2020-10-10 19:20:54,50.34017,-102.85900,83,65,12284.35,"11 4.72 -10 12284 104"
2020-10-10 19:22:52,2020-10-10 19:22:52,50.35083,-102.82333,83,64,12282.53,"10 4.94 -11 12282 105"
2020-10-10 19:24:57,2020-10-10 19:24:57,50.36167,-102.78733,85,64,12274.30,"11 4.66 -9 12274 106"
2020-10-10 19:26:55,2020-10-10 19:26:55,50.37300,-102.75067,87,64,12277.34,"11 4.80 -12 12277 107"
2020-10-10 19:28:52,2020-10-10 19:28:52,50.38467,-102.71350,87,63,12279.48,"11 4.86 -9 12279 108"
2020-10-10 19:30:49,2020-10-10 19:30:49,50.39650,-102.67633,89,63,12257.53,"11 4.86 -6 12257 109"
2020-10-10 19:32:56,2020-10-10 19:32:56,50.40817,-102.63850,89,64,12253.57,"11 4.72 -10 12253 110"
2020-10-10 19:36:54,2020-10-10 19:36:54,50.43217,-102.56183,91,63,12225.53,"11 4.74 -7 12225 112"
2020-10-10 19:38:52,2020-10-10 19:38:52,50.44417,-102.52350,89,64,12239.55,"11 4.74 -7 12239 113"
2020-10-10 19:42:54,2020-10-10 19:42:54,50.46650,-102.44867,85,66,12241.38,"11 4.62 -7 12241 115"
2020-10-10 19:46:54,2020-10-10 19:46:54,50.48683,-102.37567,83,66,12252.35,"11 4.90 -5 12252 117"
2020-10-10 19:50:59,2020-10-10 19:50:59,50.50717,-102.30250,85,66,12250.52,"10 4.64 -6 12250 119"
2020-10-10 19:58:58,2020-10-10 19:58:58,50.54983,-102.15367,87,66,12251.44,"10 4.52 1 12251 123"
2020-10-10 20:06:58,2020-10-10 20:06:58,50.59017,-102.00350,85,67,12260.58,"11 4.80 -1 12260 127"
2020-10-10 20:10:51,2020-10-10 20:10:51,50.61000,-101.92833,85,67,12235.59,"10 4.94 -5 12235 129"
2020-10-10 20:12:52,2020-10-10 20:12:52,50.61967,-101.89100,85,68,12251.44,"10 4.64 -8 12251 130"
2020-10-10 20:18:52,2020-10-10 20:18:52,50.64750,-101.77883,83,69,12251.44,"10 4.52 -4 12251 133"
2020-10-10 20:22:53,2020-10-10 20:22:53,50.66467,-101.70433,83,71,12257.53,"11 4.10 0 12257 135"
2020-10-10 20:26:49,2020-10-10 20:26:49,50.68067,-101.63033,81,71,12261.49,"11 4.88 -9 12261 137"
2020-10-11 13:06:58,2020-10-11 13:06:58,50.52283,-79.60050,126,114,12068.56,"06 3.90 -10 12068 2"
2020-10-11 13:26:03,2020-10-11 13:26:03,50.37917,-79.08767,124,113,12057.58,"09 3.28 -17 12057 3"
2020-10-11 13:28:00,2020-10-11 13:28:00,50.36433,-79.03367,124,113,12063.37,"09 3.76 -14 12063 4"
2020-10-11 13:29:57,2020-10-11 13:29:57,50.34950,-78.98017,124,113,12071.30,"09 4.46 -13 12071 5"
2020-10-11 13:31:58,2020-10-11 13:31:58,50.33467,-78.92583,126,113,12060.33,"09 3.28 -5 12060 6"
2020-10-11 13:34:02,2020-10-11 13:34:02,50.31967,-78.87183,124,113,12061.55,"08 4.54 -16 12061 7"
2020-10-11 13:36:03,2020-10-11 13:36:03,50.30450,-78.81850,126,113,12066.42,"08 4.18 -10 12066 8"
2020-10-11 13:38:03,2020-10-11 13:38:03,50.28933,-78.76450,126,113,12051.49,"08 3.82 -8 12051 9"
2020-10-11 13:45:26,2020-10-11 13:45:26,50.23317,-78.56283,126,113,12047.52,"08 3.28 -1 12047 4"
2020-10-11 13:47:23,2020-10-11 13:47:23,50.21767,-78.50850,126,114,12080.44,"07 4.58 -7 12080 5"
2020-10-11 13:49:24,2020-10-11 13:49:24,50.20217,-78.45383,128,113,12060.33,"08 3.64 -7 12060 6"
2020-10-11 13:51:28,2020-10-11 13:51:28,50.18667,-78.39967,128,114,12050.57,"08 4.62 -6 12050 7"
2020-10-11 13:53:29,2020-10-11 13:53:29,50.17117,-78.34500,128,113,12035.33,"08 4.36 -9 12035 8"
2020-10-11 13:55:29,2020-10-11 13:55:29,50.15567,-78.29067,126,114,12062.46,"08 4.44 -11 12062 9"
2020-10-11 13:57:21,2020-10-11 13:57:21,50.13983,-78.23650,126,114,12061.55,"08 4.02 -3 12061 10"
2020-10-11 13:59:20,2020-10-11 13:59:20,50.12417,-78.18200,128,114,12076.48,"08 3.88 0 12076 11"
2020-10-11 14:01:23,2020-10-11 14:01:23,50.10817,-78.12700,130,113,12064.29,"07 4.32 -7 12064 12"
2020-10-11 14:03:27,2020-10-11 14:03:27,50.09233,-78.07150,130,113,12048.44,"08 3.56 -6 12048 13"
2020-10-11 14:05:24,2020-10-11 14:05:24,50.07650,-78.01567,130,113,12053.32,"08 4.12 -3 12053 14"
2020-10-11 14:07:24,2020-10-11 14:07:24,50.06067,-77.95967,130,113,12059.41,"09 4.62 -7 12059 15"
2020-10-11 14:09:29,2020-10-11 14:09:29,50.04450,-77.90433,130,114,12069.47,"09 4.78 -7 12069 16"
2020-10-11 14:11:27,2020-10-11 14:11:27,50.02817,-77.84950,128,115,12050.57,"09 4.86 -7 12050 17"
2020-10-11 14:13:28,2020-10-11 14:13:28,50.01167,-77.79500,130,114,12069.47,"08 4.04 -1 12069 18"
2020-10-11 14:15:20,2020-10-11 14:15:20,49.99517,-77.74033,130,115,12062.46,"09 3.42 -8 12062 19"
2020-10-11 14:17:24,2020-10-11 14:17:24,49.97867,-77.68583,130,114,12066.42,"09 4.44 -8 12066 20"
2020-10-11 14:19:26,2020-10-11 14:19:26,49.96217,-77.63167,128,115,12075.57,"09 4.42 -3 12075 21"
2020-10-11 14:21:21,2020-10-11 14:21:21,49.94600,-77.57683,130,114,12071.30,"09 4.88 -7 12071 22"
2020-10-11 14:23:21,2020-10-11 14:23:21,49.93000,-77.52183,130,113,12058.50,"10 4.22 -5 12058 23"
2020-10-11 14:25:27,2020-10-11 14:25:27,49.91417,-77.46667,130,114,12072.52,"10 4.28 1 12072 24"
2020-10-11 14:27:23,2020-10-11 14:27:23,49.89817,-77.41133,131,114,12067.34,"10 4.50 -3 12067 25"
2020-10-11 14:29:29,2020-10-11 14:29:29,49.88183,-77.35567,131,114,12060.33,"10 4.46 -9 12060 26"
2020-10-11 14:31:28,2020-10-11 14:31:28,49.86533,-77.30050,130,116,12079.53,"11 4.94 -5 12079 27"
2020-10-11 14:33:29,2020-10-11 14:33:29,49.84833,-77.24583,131,115,12036.55,"11 4.78 -5 12036 28"
2020-10-11 14:35:22,2020-10-11 14:35:22,49.83117,-77.19083,131,115,12068.56,"11 4.36 -1 12068 29"
2020-10-11 14:37:23,2020-10-11 14:37:23,49.81417,-77.13600,130,115,12081.36,"11 4.34 -1 12081 30"
2020-10-11 14:39:27,2020-10-11 14:39:27,49.79783,-77.08067,131,114,12041.43,"11 4.84 -8 12041 31"
2020-10-11 14:43:24,2020-10-11 14:43:24,49.76483,-76.96900,131,114,12078.31,"11 4.22 1 12078 33"
2020-10-11 14:45:24,2020-10-11 14:45:24,49.74833,-76.91317,131,114,12067.34,"11 4.90 -7 12067 34"
2020-10-11 14:47:23,2020-10-11 14:47:23,49.73183,-76.85750,131,114,12069.47,"11 4.66 -8 12069 35"
2020-10-11 14:49:26,2020-10-11 14:49:26,49.71517,-76.80233,130,115,12065.51,"10 4.48 -4 12065 36"
2020-10-11 14:51:21,2020-10-11 14:51:21,49.69833,-76.74767,130,115,12060.33,"11 4.72 -8 12060 37"
2020-10-11 14:53:21,2020-10-11 14:53:21,49.68150,-76.69333,130,115,12075.57,"10 4.80 -4 12075 38"
2020-10-11 14:55:21,2020-10-11 14:55:21,49.66483,-76.63900,130,115,12066.42,"10 4.90 -6 12066 39"
2020-10-11 14:59:24,2020-10-11 14:59:24,49.63083,-76.53017,130,115,12056.36,"10 4.84 -2 12056 41"
2020-10-11 15:01:27,2020-10-11 15:01:27,49.61383,-76.47617,130,116,12076.48,"09 4.80 -7 12076 42"
2020-10-11 15:03:29,2020-10-11 15:03:29,49.59667,-76.42183,131,115,12068.56,"09 4.86 -10 12068 43"
2020-10-11 15:05:25,2020-10-11 15:05:25,49.57950,-76.36683,131,115,12050.57,"09 4.82 -13 12050 44"
2020-10-11 15:07:23,2020-10-11 15:07:23,49.56250,-76.31233,130,115,12052.40,"09 4.62 -8 12052 45"
2020-10-11 15:09:20,2020-10-11 15:09:20,49.54567,-76.25817,130,115,12065.51,"09 4.76 -6 12065 46"
2020-10-11 15:11:29,2020-10-11 15:11:29,49.52917,-76.20383,131,115,12076.48,"09 4.64 -7 12076 47"
2020-10-11 15:13:25,2020-10-11 15:13:25,49.51233,-76.14867,131,115,12069.47,"09 4.86 -3 12069 48"
2020-10-11 15:15:28,2020-10-11 15:15:28,49.49517,-76.09300,133,115,12073.43,"09 4.86 -9 12073 49"
2020-10-11 15:17:25,2020-10-11 15:17:25,49.47800,-76.03733,133,115,12058.50,"09 4.56 -9 12058 50"
2020-10-11 15:19:25,2020-10-11 15:19:25,49.46117,-75.98183,131,114,12059.41,"09 4.68 -2 12059 51"
2020-10-11 15:21:26,2020-10-11 15:21:26,49.44483,-75.92683,130,114,12047.52,"09 4.84 -11 12047 52"
2020-10-11 15:23:26,2020-10-11 15:23:26,49.42900,-75.87233,130,113,12052.40,"09 4.76 -7 12052 53"
2020-10-11 15:25:28,2020-10-11 15:25:28,49.41333,-75.81767,130,113,12045.39,"09 4.70 -10 12045 54"
2020-10-11 15:27:26,2020-10-11 15:27:26,49.39733,-75.76300,131,114,12061.55,"09 4.88 -12 12061 55"
2020-10-11 15:29:20,2020-10-11 15:29:20,49.38100,-75.70783,131,114,12048.44,"10 4.78 -19 12048 56"
2020-10-11 15:31:28,2020-10-11 15:31:28,49.36483,-75.65300,130,114,12050.57,"10 4.92 -9 12050 57"
2020-10-11 15:33:25,2020-10-11 15:33:25,49.34833,-75.59817,131,114,12056.36,"11 4.82 -18 12056 58"
2020-10-11 15:35:24,2020-10-11 15:35:24,49.33167,-75.54317,131,114,12059.41,"11 4.50 -6 12059 59"
2020-10-11 15:37:27,2020-10-11 15:37:27,49.31483,-75.48833,131,115,12061.55,"11 4.94 -8 12061 60"
2020-10-11 15:39:27,2020-10-11 15:39:27,49.29800,-75.43317,131,114,12056.36,"11 4.70 -2 12056 61"
2020-10-11 15:41:25,2020-10-11 15:41:25,49.28200,-75.37767,131,113,12054.54,"11 4.94 0 12054 62"
2020-10-11 15:43:21,2020-10-11 15:43:21,49.26600,-75.32150,133,113,12063.37,"12 4.90 -2 12063 63"
2020-10-11 15:45:28,2020-10-11 15:45:28,49.25000,-75.26467,135,113,12071.30,"12 4.90 -13 12071 64"
2020-10-11 15:47:25,2020-10-11 15:47:25,49.23367,-75.20683,137,113,12073.43,"11 4.84 -17 12073 65"
2020-10-11 15:49:26,2020-10-11 15:49:26,49.21717,-75.14933,137,113,12074.35,"11 4.90 -7 12074 66"
2020-10-11 15:51:25,2020-10-11 15:51:25,49.20033,-75.09200,137,114,12067.34,"11 4.90 -3 12067 67"
2020-10-11 15:53:26,2020-10-11 15:53:26,49.18350,-75.03483,135,114,12052.40,"11 4.90 -2 12052 68"
2020-10-11 15:55:29,2020-10-11 15:55:29,49.16667,-74.97817,135,114,12051.49,"11 4.76 -5 12051 69"
2020-10-11 15:57:28,2020-10-11 15:57:28,49.14983,-74.92167,135,114,12072.52,"11 4.88 -2 12072 70"
2020-10-11 15:59:29,2020-10-11 15:59:29,49.13267,-74.86533,135,115,12067.34,"11 4.90 -9 12067 71"
2020-10-11 16:01:22,2020-10-11 16:01:22,49.11533,-74.80917,135,115,12044.48,"11 4.66 -4 12044 72"
2020-10-11 16:03:20,2020-10-11 16:03:20,49.09817,-74.75317,133,114,12053.32,"11 4.78 -4 12053 73"
2020-10-11 16:05:29,2020-10-11 16:05:29,49.08133,-74.69733,135,115,12067.34,"11 4.74 2 12067 74"
2020-10-11 16:07:23,2020-10-11 16:07:23,49.06367,-74.64150,135,116,12080.44,"11 4.90 -2 12080 75"
2020-10-11 16:09:28,2020-10-11 16:09:28,49.04550,-74.58567,135,116,12053.32,"11 4.92 -4 12053 76"
2020-10-11 16:11:29,2020-10-11 16:11:29,49.02717,-74.52967,137,116,12055.45,"11 4.90 -5 12055 77"
2020-10-11 16:13:22,2020-10-11 16:13:22,49.00933,-74.47350,137,115,12071.30,"10 4.92 -3 12071 78"
2020-10-11 16:15:23,2020-10-11 16:15:23,48.99133,-74.41700,139,116,12079.53,"11 4.84 -5 12079 79"
2020-10-11 16:17:21,2020-10-11 16:17:21,48.97267,-74.36050,139,117,12064.29,"11 4.94 -7 12064 80"
2020-10-11 16:19:23,2020-10-11 16:19:23,48.95383,-74.30417,137,116,12060.33,"11 4.88 -15 12060 81"
2020-10-11 16:21:28,2020-10-11 16:21:28,48.93517,-74.24833,137,116,12084.41,"10 4.82 -9 12084 82"
2020-10-11 16:23:28,2020-10-11 16:23:28,48.91650,-74.19267,137,117,12079.53,"10 4.94 -9 12079 83"
2020-10-11 16:25:25,2020-10-11 16:25:25,48.89733,-74.13667,139,116,12074.35,"10 4.64 -1 12074 84"
2020-10-11 16:27:27,2020-10-11 16:27:27,48.87867,-74.08033,139,116,12074.35,"10 4.86 -6 12074 85"
2020-10-11 16:29:23,2020-10-11 16:29:23,48.86067,-74.02350,139,115,12062.46,"09 4.94 -5 12062 86"
2020-10-11 16:31:23,2020-10-11 16:31:23,48.84317,-73.96600,139,114,12079.53,"10 4.64 -3 12079 87"
2020-10-11 16:33:21,2020-10-11 16:33:21,48.82633,-73.90783,139,113,12069.47,"09 4.66 3 12069 88"
2020-10-11 16:35:25,2020-10-11 16:35:25,48.80983,-73.84850,143,112,12062.46,"09 4.70 -6 12062 89"
2020-10-11 16:37:29,2020-10-11 16:37:29,48.79333,-73.78783,144,112,12092.33,"09 4.88 -4 12092 90"
2020-10-11 16:39:26,2020-10-11 16:39:26,48.77617,-73.72700,146,113,12083.49,"09 4.86 -6 12083 91"
2020-10-11 16:41:26,2020-10-11 16:41:26,48.75783,-73.66583,148,114,12076.48,"09 4.84 -12 12076 92"
2020-10-11 16:43:20,2020-10-11 16:43:20,48.73967,-73.60450,146,113,12065.51,"10 4.88 -15 12065 93"
2020-10-11 16:45:27,2020-10-11 16:45:27,48.72250,-73.54383,144,112,12025.58,"09 4.90 -13 12025 94"
2020-10-11 16:47:27,2020-10-11 16:47:27,48.70617,-73.48317,143,111,12018.57,"09 4.86 -10 12018 95"
2020-10-11 16:49:25,2020-10-11 16:49:25,48.69133,-73.42250,143,110,12073.43,"10 4.78 -7 12073 96"
2020-10-11 16:51:22,2020-10-11 16:51:22,48.67583,-73.36167,144,111,12068.56,"10 4.82 -7 12068 97"
2020-10-11 16:53:27,2020-10-11 16:53:27,48.66000,-73.30017,144,111,12052.40,"10 4.74 -6 12052 98"
2020-10-11 16:55:26,2020-10-11 16:55:26,48.64433,-73.23883,144,111,12060.33,"10 4.90 -7 12060 99"
2020-10-11 16:57:28,2020-10-11 16:57:28,48.62867,-73.17733,144,110,12069.47,"10 4.84 -14 12069 100"
2020-10-11 16:59:25,2020-10-11 16:59:25,48.61333,-73.11567,146,110,12065.51,"10 4.82 -12 12065 101"
2020-10-11 17:01:24,2020-10-11 17:01:24,48.59833,-73.05333,146,109,12035.33,"11 4.82 -14 12035 102"
2020-10-11 17:03:22,2020-10-11 17:03:22,48.58350,-72.99033,148,109,12041.43,"11 4.72 -15 12041 103"
2020-10-11 17:05:26,2020-10-11 17:05:26,48.56900,-72.92717,148,109,12085.32,"11 4.74 -9 12085 104"
2020-10-11 17:07:24,2020-10-11 17:07:24,48.55383,-72.86383,150,109,12060.33,"11 4.76 -14 12060 105"
2020-10-11 17:09:29,2020-10-11 17:09:29,48.53950,-72.80000,148,107,12034.42,"11 4.80 -16 12034 106"
2020-10-11 17:11:27,2020-10-11 17:11:27,48.52600,-72.73583,148,107,12052.40,"11 4.80 -15 12052 107"
2020-10-11 17:13:24,2020-10-11 17:13:24,48.51283,-72.67183,148,107,12060.33,"11 4.88 -16 12060 108"
2020-10-11 17:15:21,2020-10-11 17:15:21,48.50000,-72.60750,148,106,12046.31,"11 4.90 -18 12046 109"
2020-10-11 17:17:28,2020-10-11 17:17:28,48.48717,-72.54250,152,106,12037.47,"10 4.92 -13 12037 110"
2020-10-11 17:19:21,2020-10-11 17:19:21,48.47433,-72.47683,152,106,12046.31,"11 4.82 -20 12046 111"
2020-10-11 17:21:25,2020-10-11 17:21:25,48.46183,-72.41100,152,105,12056.36,"11 4.84 -14 12056 112"
2020-10-11 17:23:23,2020-10-11 17:23:23,48.44950,-72.34483,152,105,12040.51,"11 4.86 -14 12040 113"
2020-10-11 17:25:23,2020-10-11 17:25:23,48.43717,-72.27817,154,105,12010.34,"11 4.80 -14 12010 114"
2020-10-11 17:27:23,2020-10-11 17:27:23,48.42483,-72.21033,157,105,11999.37,"11 4.90 -12 11999 115"
2020-10-11 17:29:29,2020-10-11 17:29:29,48.41283,-72.14183,157,104,12011.56,"11 4.78 -11 12011 116"
2020-10-11 17:31:24,2020-10-11 17:31:24,48.40067,-72.07333,157,104,11986.56,"11 4.78 -8 11986 117"
2020-10-11 17:33:29,2020-10-11 17:33:29,48.38850,-72.00483,157,104,11961.57,"11 4.90 -8 11961 118"
2020-10-11 17:35:29,2020-10-11 17:35:29,48.37600,-71.93500,161,105,11966.45,"11 4.80 -5 11966 119"
2020-10-11 17:37:24,2020-10-11 17:37:24,48.36333,-71.86500,161,105,11991.44,"10 4.90 -5 11991 120"
2020-10-11 17:39:20,2020-10-11 17:39:20,48.35050,-71.79500,159,105,11996.32,"10 4.90 -9 11996 121"
2020-10-11 17:41:24,2020-10-11 17:41:24,48.33733,-71.72617,157,106,11980.47,"10 4.70 -2 11980 122"
2020-10-11 17:43:28,2020-10-11 17:43:28,48.32433,-71.65767,157,105,11976.51,"09 4.84 -4 11976 123"
2020-10-11 17:45:26,2020-10-11 17:45:26,48.31150,-71.58900,159,105,11990.53,"09 4.76 1 11990 124"
2020-10-11 17:47:20,2020-10-11 17:47:20,48.29850,-71.51967,161,105,12000.59,"09 4.64 1 12000 125"
2020-10-11 17:49:29,2020-10-11 17:49:29,48.28567,-71.45017,159,105,12030.46,"09 4.92 -8 12030 126"
2020-10-11 17:51:29,2020-10-11 17:51:29,48.27300,-71.38117,159,105,12024.36,"09 4.76 -11 12024 127"
2020-10-11 17:53:20,2020-10-11 17:53:20,48.25967,-71.31167,161,106,12038.38,"09 4.54 -6 12038 128"
2020-10-11 17:55:22,2020-10-11 17:55:22,48.24567,-71.24217,161,107,12078.31,"09 4.54 -1 12078 129"
2020-10-11 17:57:24,2020-10-11 17:57:24,48.23050,-71.17267,163,108,12076.48,"09 4.76 -4 12076 130"
2020-10-11 17:59:28,2020-10-11 17:59:28,48.21467,-71.10317,163,108,12051.49,"09 4.56 -2 12051 131"
2020-10-11 18:01:23,2020-10-11 18:01:23,48.19933,-71.03317,163,107,12057.58,"09 4.66 -2 12057 132"
2020-10-11 18:03:24,2020-10-11 18:03:24,48.18417,-70.96350,163,107,12055.45,"09 4.50 1 12055 133"
2020-10-11 18:05:27,2020-10-11 18:05:27,48.16950,-70.89350,163,107,12032.28,"09 4.76 -5 12032 134"
2020-10-11 18:07:24,2020-10-11 18:07:24,48.15500,-70.82300,165,107,12030.46,"08 4.56 -1 12030 135"
2020-10-11 18:09:22,2020-10-11 18:09:22,48.14033,-70.75250,165,107,12027.41,"08 4.80 -1 12027 136"
2020-10-11 18:11:21,2020-10-11 18:11:21,48.12550,-70.68150,167,107,11997.54,"08 4.62 -10 11997 137"
2020-10-11 18:13:24,2020-10-11 18:13:24,48.11017,-70.60983,169,107,11994.49,"08 4.48 -8 11994 138"
2020-10-11 18:15:25,2020-10-11 18:15:25,48.09517,-70.53767,169,107,11944.50,"09 4.78 -7 11944 139"
2020-10-11 18:17:25,2020-10-11 18:17:25,48.08000,-70.46533,169,107,11939.32,"10 4.76 -5 11939 140"
2020-10-11 18:19:23,2020-10-11 18:19:23,48.06467,-70.39250,170,107,11965.53,"10 4.60 -3 11965 141"
2020-10-11 18:21:25,2020-10-11 18:21:25,48.04883,-70.31933,172,108,11994.49,"10 4.90 -7 11994 142"
2020-10-11 18:23:29,2020-10-11 18:23:29,48.03267,-70.24567,174,108,11955.48,"10 4.80 -7 11955 143"
2020-10-11 18:25:24,2020-10-11 18:25:24,48.01567,-70.17167,176,109,11950.29,"10 4.74 -5 11950 144"
2020-10-11 18:27:25,2020-10-11 18:27:25,47.99717,-70.09783,176,111,11986.56,"10 4.82 -10 11986 145"
2020-10-11 18:29:20,2020-10-11 18:29:20,47.97833,-70.02400,178,110,11970.41,"10 4.74 -8 11970 146"
2020-10-11 18:31:20,2020-10-11 18:31:20,47.95900,-69.94933,180,111,11973.46,"10 4.84 -4 11973 147"
2020-10-11 18:33:21,2020-10-11 18:33:21,47.93900,-69.87483,180,112,11933.53,"10 4.84 -3 11933 148"
2020-10-11 18:35:20,2020-10-11 18:35:20,47.91833,-69.80100,176,112,11908.54,"10 4.84 -9 11908 149"
2020-10-11 18:37:22,2020-10-11 18:37:22,47.89767,-69.72983,172,114,11899.39,"11 4.94 -3 11899 150"
2020-10-11 18:39:24,2020-10-11 18:39:24,47.87650,-69.66067,167,114,11897.56,"11 4.54 -6 11897 151"
2020-10-11 18:41:29,2020-10-11 18:41:29,47.85550,-69.59433,163,115,11888.42,"11 4.94 -6 11888 152"
2020-10-11 18:43:20,2020-10-11 18:43:20,47.83400,-69.52950,163,117,11864.34,"12 4.82 -11 11864 153"
2020-10-11 18:45:28,2020-10-11 18:45:28,47.81183,-69.46517,161,116,11889.33,"12 4.92 -7 11889 154"
2020-10-11 18:47:28,2020-10-11 18:47:28,47.78983,-69.40100,161,117,11880.49,"11 4.60 -9 11880 155"
2020-10-11 18:49:29,2020-10-11 18:49:29,47.76783,-69.33750,159,117,11879.28,"11 4.78 -11 11879 156"
2020-10-11 18:51:28,2020-10-11 18:51:28,47.74567,-69.27417,159,116,11901.53,"12 4.70 -10 11901 157"
2020-10-11 18:53:23,2020-10-11 18:53:23,47.72383,-69.20983,161,117,11866.47,"12 4.88 -7 11866 158"
2020-10-11 18:55:23,2020-10-11 18:55:23,47.70133,-69.14550,163,118,11885.37,"12 4.90 -2 11885 159"
2020-10-11 18:57:25,2020-10-11 18:57:25,47.67817,-69.08183,163,117,11922.56,"12 4.56 -8 11922 160"
2020-10-11 18:59:26,2020-10-11 18:59:26,47.65583,-69.01683,163,116,11864.34,"12 4.86 -8 11864 161"
2020-10-11 19:01:22,2020-10-11 19:01:22,47.63400,-68.95200,161,116,11886.29,"12 4.78 -5 11886 162"
2020-10-11 19:03:26,2020-10-11 19:03:26,47.61283,-68.88767,161,115,11921.34,"12 4.02 -3 11921 163"
2020-10-11 19:05:20,2020-10-11 19:05:20,47.59267,-68.82167,163,114,11902.44,"12 4.70 -5 11902 164"
2020-10-11 19:07:26,2020-10-11 19:07:26,47.57267,-68.75650,159,114,11885.37,"12 4.76 -11 11885 165"
2020-10-11 19:09:21,2020-10-11 19:09:21,47.55283,-68.69267,157,114,11896.34,"12 4.82 -3 11896 166"
2020-10-11 19:11:20,2020-10-11 19:11:20,47.53283,-68.62900,159,114,11915.55,"12 4.36 -6 11915 167"
2020-10-11 19:13:28,2020-10-11 19:13:28,47.51317,-68.56417,161,114,11913.41,"12 4.52 -9 11913 168"
2020-10-11 19:15:25,2020-10-11 19:15:25,47.49317,-68.49783,165,114,11908.54,"12 4.22 0 11908 169"
2020-10-11 19:17:28,2020-10-11 19:17:28,47.47300,-68.43100,165,113,11912.50,"12 4.22 -2 11912 170"
2020-10-11 19:19:22,2020-10-11 19:19:22,47.45250,-68.36350,167,114,11889.33,"11 4.06 -1 11889 171"
2020-10-11 19:21:21,2020-10-11 19:21:21,47.43150,-68.29667,167,115,11917.38,"10 4.84 0 11917 172"
2020-10-11 19:23:26,2020-10-11 19:23:26,47.41000,-68.22983,167,115,11899.39,"09 4.84 -6 11899 173"
2020-10-11 19:25:26,2020-10-11 19:25:26,47.38817,-68.16383,163,116,11879.28,"10 4.22 -10 11879 174"
2020-10-11 19:27:28,2020-10-11 19:27:28,47.36633,-68.09950,161,117,11883.54,"09 4.62 -7 11883 175"
2020-10-11 19:29:20,2020-10-11 19:29:20,47.34417,-68.03583,163,117,11900.31,"09 4.56 -6 11900 176"
2020-10-11 19:31:20,2020-10-11 19:31:20,47.32183,-67.97100,165,116,11907.32,"09 4.60 -7 11907 177"
2020-10-11 19:33:28,2020-10-11 19:33:28,47.29967,-67.90517,165,116,11881.41,"08 4.78 -2 11881 178"
2020-10-11 19:35:29,2020-10-11 19:35:29,47.27733,-67.84050,163,117,11872.57,"09 3.42 2 11872 179"
2020-10-11 19:37:24,2020-10-11 19:37:24,47.25433,-67.77750,159,118,11872.57,"09 4.74 -1 11872 180"
2020-10-11 19:39:20,2020-10-11 19:39:20,47.23150,-67.71617,156,119,11838.43,"09 4.74 -2 11838 181"
2020-10-11 19:41:24,2020-10-11 19:41:24,47.20850,-67.65683,154,119,11853.37,"09 4.60 -3 11853 182"
2020-10-11 19:43:27,2020-10-11 19:43:27,47.18517,-67.59817,154,120,11847.58,"09 4.46 -8 11847 183"
2020-10-11 19:45:21,2020-10-11 19:45:21,47.16167,-67.53983,154,120,11852.45,"09 3.46 -2 11852 184"
2020-10-11 19:47:27,2020-10-11 19:47:27,47.13800,-67.48133,154,120,11868.30,"10 4.08 -8 11868 185"
2020-10-11 19:55:31,2020-10-11 19:55:31,47.04717,-67.23833,159,118,11886.29,"10 4.46 -6 11886 4"
2020-10-11 19:57:28,2020-10-11 19:57:28,47.02450,-67.17717,157,118,11887.50,"10 4.68 -1 11887 5"
2020-10-11 20:01:33,2020-10-11 20:01:33,46.97800,-67.05717,159,119,11917.38,"11 3.28 -3 11917 7"
2020-10-11 20:03:34,2020-10-11 20:03:34,46.95417,-66.99500,163,119,11896.34,"11 4.18 -10 11896 8"
2020-10-11 20:05:34,2020-10-11 20:05:34,46.92983,-66.93317,161,120,11882.32,"11 4.50 -11 11882 9"
2020-10-11 20:07:26,2020-10-11 20:07:26,46.90600,-66.87200,157,119,11872.57,"11 3.28 -3 11872 10"
2020-10-11 20:09:25,2020-10-11 20:09:25,46.88283,-66.81217,156,119,11864.34,"11 3.40 -8 11864 11"
2020-10-13 10:10:11,2020-10-13 10:10:11,55.12267,-15.74700,126,156,12183.47,"11 4.18 -13 12183 2"
2020-10-13 10:12:12,2020-10-13 10:12:12,55.08783,-15.72067,126,155,12209.37,"12 4.02 -17 12209 3"
2020-10-13 10:14:09,2020-10-13 10:14:09,55.05267,-15.69400,128,156,12224.31,"12 4.02 -19 12224 4"
2020-10-13 10:16:06,2020-10-13 10:16:06,55.01733,-15.66800,128,157,12217.30,"11 3.52 -17 12217 5"
2020-10-13 10:18:07,2020-10-13 10:18:07,54.98167,-15.64250,128,158,12240.46,"12 4.26 -18 12240 6"
2020-10-13 10:20:11,2020-10-13 10:20:11,54.94633,-15.61900,124,158,12237.42,"11 4.12 -13 12237 7"
2020-10-13 10:22:12,2020-10-13 10:22:12,54.91167,-15.59483,124,157,12236.50,"11 4.06 -14 12236 8"
2020-10-13 10:24:12,2020-10-13 10:24:12,54.87683,-15.57050,124,157,12203.58,"12 4.50 -16 12203 9"
2020-10-13 10:26:04,2020-10-13 10:26:04,54.84217,-15.54683,124,158,12210.59,"12 4.62 -12 12210 10"
2020-10-13 10:30:06,2020-10-13 10:30:06,54.77233,-15.50067,126,158,12218.52,"12 4.50 -18 12218 12"
2020-10-13 10:32:10,2020-10-13 10:32:10,54.73717,-15.47767,124,158,12214.56,"12 4.18 -16 12214 13"
2020-10-13 10:34:07,2020-10-13 10:34:07,54.70233,-15.45383,126,158,12212.42,"12 4.78 -10 12212 14"
2020-10-13 10:36:07,2020-10-13 10:36:07,54.66700,-15.42933,126,157,12227.36,"12 4.86 -8 12227 15"
2020-10-13 10:40:10,2020-10-13 10:40:10,54.59667,-15.37550,128,155,12242.60,"12 4.54 -18 12242 17"
2020-10-13 10:42:11,2020-10-13 10:42:11,54.56133,-15.34833,128,157,12240.46,"10 4.44 -18 12240 18"
2020-10-13 10:50:04,2020-10-13 10:50:04,54.41983,-15.24917,130,156,12257.53,"09 4.58 -15 12257 22"
2020-10-13 10:54:11,2020-10-13 10:54:11,54.38400,-15.22200,131,155,12226.44,"00 4.46 -22 24"
2020-10-13 10:56:06,2020-10-13 10:56:06,54.31217,-15.16617,131,155,12241.38,"09 3.28 -5 12241 25"
2020-10-13 10:58:12,2020-10-13 10:58:12,54.27617,-15.13833,131,155,12240.46,"10 4.64 -10 12240 26"
2020-10-13 11:00:11,2020-10-13 11:00:11,54.24000,-15.11033,131,155,12245.34,"10 4.72 -10 12245 27"
2020-10-13 11:02:12,2020-10-13 11:02:12,54.20383,-15.08283,133,156,12244.43,"10 4.92 -14 12244 28"
2020-10-13 11:04:05,2020-10-13 11:04:05,54.16717,-15.05617,131,156,12233.45,"10 4.36 -19 12233 29"
2020-10-13 11:08:10,2020-10-13 11:08:10,54.09400,-15.00283,133,156,12238.33,"10 4.88 -10 12238 31"
2020-10-13 11:10:08,2020-10-13 11:10:08,54.05717,-14.97633,133,157,12245.34,"10 4.20 -12 12245 32"
2020-10-13 11:12:07,2020-10-13 11:12:07,54.02017,-14.95017,133,157,12244.43,"10 4.34 -12 12244 33"
2020-10-13 11:14:07,2020-10-13 11:14:07,53.98317,-14.92383,133,157,12261.49,"09 4.74 -10 12261 34"
2020-10-13 11:16:06,2020-10-13 11:16:06,53.94583,-14.89750,135,157,12235.59,"10 4.92 -8 12235 35"
2020-10-13 11:18:09,2020-10-13 11:18:09,53.90817,-14.87150,135,157,12244.43,"10 4.90 -9 12244 36"
2020-10-13 11:20:04,2020-10-13 11:20:04,53.87067,-14.84567,135,157,12246.56,"10 4.90 -12 12246 37"
2020-10-13 11:22:04,2020-10-13 11:22:04,53.83300,-14.81967,133,157,12254.48,"11 4.14 -12 12254 38"
2020-10-13 11:24:04,2020-10-13 11:24:04,53.79517,-14.79433,135,158,12244.43,"11 4.92 -16 12244 39"
2020-10-13 11:26:05,2020-10-13 11:26:05,53.75750,-14.76800,135,157,12249.30,"11 4.38 -10 12249 40"
2020-10-13 11:28:07,2020-10-13 11:28:07,53.71983,-14.74133,135,157,12251.44,"11 4.92 -11 12251 41"
2020-10-13 11:30:10,2020-10-13 11:30:10,53.68200,-14.71433,137,156,12242.60,"11 4.40 -16 12242 42"
2020-10-13 11:32:12,2020-10-13 11:32:12,53.64450,-14.68667,137,156,12252.35,"12 4.76 -15 12252 43"
2020-10-13 11:36:06,2020-10-13 11:36:06,53.56917,-14.62950,137,155,12253.57,"12 4.92 -15 12253 45"
2020-10-13 11:38:03,2020-10-13 11:38:03,53.53167,-14.60083,137,155,12256.31,"12 4.90 -12 12256 46"
2020-10-13 11:40:12,2020-10-13 11:40:12,53.49367,-14.57317,137,156,12243.51,"12 4.84 -14 12243 47"
2020-10-13 11:42:08,2020-10-13 11:42:08,53.45583,-14.54550,137,156,12235.59,"12 4.82 -14 12235 48"
2020-10-13 11:44:11,2020-10-13 11:44:11,53.41817,-14.51733,137,156,12251.44,"12 4.28 -9 12251 49"
2020-10-13 11:46:07,2020-10-13 11:46:07,53.38033,-14.48900,137,155,12242.60,"12 4.16 -7 12242 50"
2020-10-13 11:50:09,2020-10-13 11:50:09,53.30450,-14.43283,139,156,12249.30,"12 4.84 -9 12249 52"
2020-10-13 11:56:09,2020-10-13 11:56:09,53.18967,-14.35333,137,157,12250.52,"12 4.94 -15 12250 55"
2020-10-13 11:58:03,2020-10-13 11:58:03,53.15117,-14.32717,137,157,12246.56,"11 4.78 -9 12246 56"
2020-10-13 12:00:11,2020-10-13 12:00:11,53.11300,-14.30083,137,157,12265.46,"11 4.72 -9 12265 57"
2020-10-13 12:44:06,2020-10-13 12:44:06,52.24783,-13.78333,141,160,12285.57,"08 4.88 -15 12285 79"
2020-10-13 12:46:04,2020-10-13 12:46:04,52.20783,-13.76033,141,160,12287.40,"08 4.42 -5 12287 80"
2020-10-13 12:48:06,2020-10-13 12:48:06,52.16800,-13.73717,141,160,12290.45,"08 4.90 -19 12290 81"
2020-10-13 12:50:11,2020-10-13 12:50:11,52.12833,-13.71383,141,160,12295.33,"09 4.68 -20 12295 82"
2020-10-13 12:52:11,2020-10-13 12:52:11,52.08883,-13.69050,141,160,12298.38,"09 4.46 -12 12298 83"
2020-10-13 12:54:08,2020-10-13 12:54:08,52.04917,-13.66750,141,160,12290.45,"09 4.62 -6 12290 84"
2020-10-13 12:56:10,2020-10-13 12:56:10,52.00933,-13.64517,141,161,12302.34,"09 4.90 -6 12302 85"
2020-10-13 12:58:06,2020-10-13 12:58:06,51.96933,-13.62283,141,160,12300.51,"09 4.94 -8 12300 86"
2020-10-13 13:00:06,2020-10-13 13:00:06,51.92950,-13.60050,141,161,12296.55,"09 4.94 -11 12296 87"
2020-10-13 13:14:10,2020-10-13 13:14:10,51.65150,-13.43117,143,157,12311.48,"08 4.92 -10 12311 94"
2020-10-13 13:18:08,2020-10-13 13:18:08,51.57167,-13.37850,143,157,12302.34,"09 4.62 -14 12302 96"
2020-10-13 13:20:05,2020-10-13 13:20:05,51.53183,-13.35200,144,157,12309.35,"09 4.48 -9 12309 97"
2020-10-13 13:22:10,2020-10-13 13:22:10,51.49167,-13.32533,146,157,12323.37,"10 4.90 -7 12323 98"
2020-10-13 13:24:09,2020-10-13 13:24:09,51.45133,-13.29867,144,157,12328.55,"10 4.64 -5 12328 99"
2020-10-13 13:26:11,2020-10-13 13:26:11,51.41100,-13.27317,144,158,12325.50,"10 4.92 -12 12325 100"
2020-10-13 13:28:08,2020-10-13 13:28:08,51.37050,-13.24717,144,158,12321.54,"09 4.86 -6 12321 101"
2020-10-13 13:30:07,2020-10-13 13:30:07,51.33000,-13.22133,144,158,12329.46,"09 4.88 -9 12329 102"
2020-10-13 13:32:05,2020-10-13 13:32:05,51.28933,-13.19550,144,158,12317.58,"09 4.54 -6 12317 103"
2020-10-13 13:34:09,2020-10-13 13:34:09,51.24883,-13.16917,146,157,12320.32,"09 4.70 -5 12320 104"
2020-10-13 13:36:07,2020-10-13 13:36:07,51.20833,-13.14267,144,157,12312.40,"09 4.86 -5 12312 105"
2020-10-13 13:38:12,2020-10-13 13:38:12,51.16767,-13.11533,148,156,12304.47,"09 4.64 -11 12304 106"
2020-10-13 13:40:10,2020-10-13 13:40:10,51.12683,-13.08783,146,157,12322.45,"09 4.92 -5 12322 107"
2020-10-13 13:42:07,2020-10-13 13:42:07,51.08617,-13.06100,146,157,12324.59,"09 4.48 -1 12324 108"
2020-10-13 13:44:04,2020-10-13 13:44:04,51.04533,-13.03450,146,158,12326.42,"09 4.96 -11 12326 109"
2020-10-13 13:46:11,2020-10-13 13:46:11,51.00433,-13.00883,146,158,12335.56,"09 4.86 -9 12335 110"
2020-10-13 13:48:04,2020-10-13 13:48:04,50.96350,-12.98333,146,158,12340.44,"08 4.72 -8 12340 111"
2020-10-13 13:50:08,2020-10-13 13:50:08,50.92267,-12.95850,144,159,12328.55,"08 4.52 0 12328 112"
2020-10-13 13:52:06,2020-10-13 13:52:06,50.88167,-12.93383,146,159,12323.37,"08 4.62 -4 12323 113"
2020-10-13 13:54:06,2020-10-13 13:54:06,50.84067,-12.90900,146,159,12328.55,"08 4.82 -18 12328 114"
2020-10-13 13:56:06,2020-10-13 13:56:06,50.79967,-12.88433,146,159,12330.38,"08 4.90 -22 12330 115"
2020-10-13 13:58:12,2020-10-13 13:58:12,50.75883,-12.85983,144,159,12338.30,"08 4.60 -13 12338 116"
2020-10-13 14:00:07,2020-10-13 14:00:07,50.71883,-12.83550,143,159,12325.50,"08 4.96 -19 12325 117"
2020-10-13 14:06:07,2020-10-13 14:06:07,50.59583,-12.75950,148,158,12327.33,"08 4.44 -8 12327 120"
2020-10-13 14:08:03,2020-10-13 14:08:03,50.55450,-12.73367,148,158,12330.38,"09 4.86 -11 12330 121"
2020-10-13 14:10:07,2020-10-13 14:10:07,50.51300,-12.70767,148,158,12324.59,"09 4.50 -5 12324 122"
2020-10-13 14:12:11,2020-10-13 14:12:11,50.47133,-12.68117,150,157,12316.36,"10 4.76 -13 12316 123"
2020-10-13 14:14:09,2020-10-13 14:16:03,50.42933,-12.65367,150,157,12328.55,"00 4.78 -8 125"
2020-10-13 14:18:12,2020-10-13 14:18:12,50.34583,-12.59883,152,157,12328.55,"10 4.92 -10 12328 126"
2020-10-13 14:20:12,2020-10-13 14:20:12,50.30383,-12.57100,152,157,12327.33,"10 4.76 -10 12327 127"
2020-10-13 14:22:04,2020-10-13 14:22:04,50.26183,-12.54317,152,157,12327.33,"10 4.70 -10 12327 128"
2020-10-13 14:26:07,2020-10-13 14:26:07,50.17783,-12.48733,152,156,12329.46,"10 4.86 -7 12329 130"
2020-10-13 14:28:10,2020-10-13 14:28:10,50.13567,-12.45883,152,156,12322.45,"10 4.50 -14 12322 131"
2020-10-13 14:30:06,2020-10-13 14:30:06,50.09350,-12.42967,154,155,12322.45,"10 4.88 -6 12322 132"
2020-10-13 14:32:07,2020-10-13 14:32:07,50.05117,-12.40000,154,155,12329.46,"10 4.12 -2 12329 133"
2020-10-13 14:36:07,2020-10-13 14:36:07,49.96717,-12.34067,156,154,12327.33,"09 4.78 -11 12327 135"
2020-10-13 14:38:05,2020-10-13 14:38:05,49.92483,-12.31000,156,154,12328.55,"10 4.90 -8 12328 136"
2020-10-13 14:40:03,2020-10-13 14:40:03,49.88233,-12.27900,157,154,12319.41,"10 4.60 -9 12319 137"
2020-10-13 14:42:07,2020-10-13 14:42:07,49.83933,-12.24750,157,154,12312.40,"09 4.22 -4 12312 138"
2020-10-13 14:44:08,2020-10-13 14:44:08,49.79650,-12.21633,157,154,12309.35,"09 4.80 -9 12309 139"
2020-10-13 14:46:08,2020-10-13 14:46:08,49.75383,-12.18483,156,154,12310.57,"08 4.68 -11 12310 140"
2020-10-13 14:48:06,2020-10-13 14:48:06,49.71150,-12.15350,156,154,12303.56,"09 4.08 -4 12303 141"
2020-10-13 14:50:08,2020-10-13 14:50:08,49.66900,-12.12267,156,154,12302.34,"09 4.22 -6 12302 142"
2020-10-13 14:52:12,2020-10-13 14:52:12,49.62650,-12.09183,157,154,12307.52,"09 4.72 -5 12307 143"
2020-10-13 14:54:07,2020-10-13 14:54:07,49.58367,-12.06117,157,155,12306.30,"09 4.84 -6 12306 144"
2020-10-13 14:56:08,2020-10-13 14:56:08,49.54083,-12.03017,157,154,12296.55,"09 3.64 -1 12296 145"
2020-10-13 14:58:03,2020-10-13 14:58:03,49.49800,-11.99850,157,154,12299.59,"09 4.52 -7 12299 146"
2020-10-13 15:00:03,2020-10-13 15:00:03,49.45517,-11.96633,159,153,12298.38,"09 3.42 1 12298 147"
2020-10-13 15:02:05,2020-10-13 15:02:05,49.41217,-11.93350,159,153,12291.36,"09 4.42 -4 12291 148"
2020-10-13 15:04:03,2020-10-13 15:04:03,49.36967,-11.90083,157,153,12294.41,"09 4.66 -8 12294 149"
2020-10-13 15:08:07,2020-10-13 15:08:07,49.28550,-11.83533,157,153,12280.39,"09 3.62 -6 12280 151"
2020-10-13 15:10:12,2020-10-13 15:10:12,49.24333,-11.80267,157,153,12291.36,"09 3.28 4 12291 152"
2020-10-13 15:56:00,2020-10-13 15:56:00,48.25217,-11.07117,163,154,12249.30,"09 4.08 -11 12249 4"
