time,lasttime,lat,lng,speed,course,altitude-M,sat_track,voltage,Temp_C,unk
10/9/20 17:20,10/9/20 17:20,46.27567,-119.2795,9,357,296.88,8,4.56,27,4
10/9/20 17:22,10/9/20 17:22,46.27883,-119.27933,11,360,369.72,10,4.46,25,5
10/9/20 17:24,10/9/20 17:24,46.28217,-119.279,11,16,443.79,10,4.36,24,6
10/9/20 17:26,10/9/20 17:26,46.286,-119.27767,13,10,510.84,10,4.52,27,7
10/9/20 17:28,10/9/20 17:28,46.2895,-119.27633,9,11,642.82,9,4.54,25,8
10/9/20 17:30,10/9/20 17:30,46.29267,-119.2745,11,31,744.93,10,4.56,25,9
10/9/20 17:32,10/9/20 17:32,46.2975,-119.26833,22,43,867.77,11,4.5,23,10
10/9/20 17:34,10/9/20 17:34,46.30283,-119.25933,33,54,991.82,11,4.5,23,11
10/9/20 17:36,10/9/20 17:36,46.31067,-119.24567,44,46,1091.79,11,4.44,26,12
10/9/20 17:38,10/9/20 17:38,46.32,-119.2315,46,47,1143.91,11,4.64,24,13
10/9/20 17:40,10/9/20 17:40,46.32933,-119.21683,44,47,1253.95,12,4.64,25,14
10/9/20 17:42,10/9/20 17:42,46.3385,-119.20283,43,45,1390.8,12,4.56,24,15
10/9/20 17:44,10/9/20 17:44,46.34717,-119.19,39,47,1552.04,12,4.38,23,16
10/9/20 17:46,10/9/20 17:46,46.3545,-119.17817,33,47,1655.98,12,4.52,21,17
10/9/20 17:48,10/9/20 17:48,46.36033,-119.1685,20,46,1737.06,11,4.66,21,18
10/9/20 17:50,10/9/20 17:50,46.36433,-119.16183,20,52,1867.81,12,4.44,24,19
10/9/20 17:52,10/9/20 17:52,46.3685,-119.15167,30,63,2022.96,12,4.64,23,20
10/9/20 17:54,10/9/20 17:54,46.37117,-119.139,30,79,2152.8,12,4.42,24,21
10/9/20 17:58,10/9/20 17:58,46.376,-119.11183,31,73,2349.09,12,4.54,20,23
10/9/20 18:00,10/9/20 18:00,46.37917,-119.09683,35,70,2481.07,12,4.66,21,24
10/9/20 18:02,10/9/20 18:02,46.383,-119.08167,37,71,2607.87,12,4.56,20,25
10/9/20 18:06,10/9/20 18:06,46.39167,-119.05083,39,60,2820.01,12,4.72,19,27
10/9/20 18:10,10/9/20 18:10,46.402,-119.0195,39,67,3108.05,12,4.56,18,29
10/9/20 18:12,10/9/20 18:12,46.4065,-119.0045,35,66,3261.06,12,4.56,16,30
10/9/20 18:14,10/9/20 18:14,46.411,-118.989,43,66,3385.11,12,4.72,15,31
10/9/20 18:16,10/9/20 18:16,46.41633,-118.97017,48,67,3510.08,12,4.74,15,32
10/9/20 18:18,10/9/20 18:18,46.42133,-118.94983,50,73,3635.96,11,4.78,11,33
10/9/20 18:20,10/9/20 18:20,46.4255,-118.9275,54,75,3767.02,11,4.82,9,34
10/9/20 18:22,10/9/20 18:22,46.4295,-118.9045,54,78,3890.16,11,4.7,9,35
10/9/20 18:24,10/9/20 18:24,46.43317,-118.88017,59,75,4023.06,11,4.66,15,36
10/9/20 18:28,10/9/20 18:28,46.441,-118.8305,57,73,4268.11,11,4.82,11,38
10/9/20 18:30,10/9/20 18:30,46.4465,-118.80417,63,73,4411.98,10,4.72,8,39
10/9/20 18:32,10/9/20 18:32,46.45183,-118.77683,67,71,4582.97,11,4.86,10,40
10/9/20 18:34,10/9/20 18:34,46.45833,-118.7485,69,72,4737.2,11,4.72,9,41
10/9/20 18:36,10/9/20 18:36,46.46417,-118.72017,67,72,4885.94,10,4.74,9,42
10/9/20 18:38,10/9/20 18:38,46.47017,-118.692,70,75,5052.97,10,4.9,8,43
10/9/20 18:40,10/9/20 18:40,46.47467,-118.66067,74,80,5221.22,10,4.74,8,44
10/9/20 18:42,10/9/20 18:42,46.4785,-118.62883,74,80,5376.06,10,4.82,4,45
10/9/20 18:46,10/9/20 18:46,46.48883,-118.56783,70,73,5680.25,10,4.92,2,47
10/9/20 18:48,10/9/20 18:48,46.49567,-118.53883,69,71,5851.25,11,4.8,4,48
10/9/20 18:50,10/9/20 18:50,46.50217,-118.51033,70,71,6011.27,11,4.88,-3,49
10/9/20 18:52,10/9/20 18:52,46.5085,-118.48083,70,73,6189.27,11,4.78,-3,50
10/9/20 18:54,10/9/20 18:54,46.5145,-118.45117,70,73,6386.17,11,4.92,-6,51
10/9/20 18:56,10/9/20 18:56,46.521,-118.42167,72,71,6565.09,11,4.88,-6,52
10/9/20 18:58,10/9/20 18:58,46.52833,-118.39167,70,68,6731.2,10,4.84,-6,53
10/9/20 19:02,10/9/20 19:02,46.545,-118.34133,59,61,7086.3,11,4.96,-4,55
10/9/20 19:04,10/9/20 19:04,46.55267,-118.3155,65,70,7242.35,11,5.02,-7,56
10/9/20 19:06,10/9/20 19:06,46.55883,-118.28983,63,68,7399.32,11,4.9,-4,57
10/9/20 19:08,10/9/20 19:08,46.56717,-118.264,65,58,7594.09,11,5.04,-9,58
10/9/20 19:10,10/9/20 19:10,46.578,-118.24067,61,56,7794.35,11,5.04,-13,59
10/9/20 19:12,10/9/20 19:12,46.5885,-118.2185,61,53,7953.15,11,4.94,-7,60
10/9/20 19:14,10/9/20 19:14,46.59983,-118.19683,63,52,8120.18,11,5,-10,61
10/9/20 19:16,10/9/20 19:16,46.6115,-118.17467,63,53,8337.19,11,5.08,-11,62
10/9/20 19:18,10/9/20 19:18,46.62183,-118.153,57,57,8573.41,11,5.06,-16,63
10/9/20 19:20,10/9/20 19:20,46.63,-118.1315,54,64,8786.16,11,5.14,-16,64
10/9/20 19:22,10/9/20 19:22,46.63633,-118.10867,56,70,8993.43,11,5.14,-16,65
10/9/20 19:24,10/9/20 19:24,46.6415,-118.086,52,76,9202.22,10,5.08,-20,66
10/9/20 19:26,10/9/20 19:26,46.6445,-118.06583,41,77,9420.45,10,5,-23,67
10/9/20 19:28,10/9/20 19:28,46.64717,-118.051,31,77,9643.26,10,5.18,-23,68
10/9/20 19:30,10/9/20 19:30,46.64717,-118.03783,30,104,9866.38,10,5.18,-25,69
10/9/20 19:32,10/9/20 19:32,46.64433,-118.02267,43,106,10100.46,10,5.16,-27,70
10/9/20 19:34,10/9/20 19:34,46.64033,-118.00467,43,107,10336.38,10,5.1,-30,71
10/9/20 19:36,10/9/20 19:36,46.63383,-117.985,56,118,10595.46,10,5.14,-31,72
10/9/20 19:38,10/9/20 19:38,46.62483,-117.96417,56,122,10803.33,10,5.2,-35,73
10/9/20 19:40,10/9/20 19:40,46.61533,-117.94483,57,132,10968.53,10,5.04,-33,74
10/9/20 19:42,10/9/20 19:42,46.60633,-117.9275,48,127,11126.42,10,5.16,-35,75
10/9/20 19:44,10/9/20 19:44,46.59767,-117.9115,41,130,11290.4,10,5.16,-35,76
10/9/20 19:46,10/9/20 19:46,46.59217,-117.89833,28,106,11419.33,10,5.06,-35,77
10/9/20 19:48,10/9/20 19:48,46.5885,-117.885,33,101,11530.28,10,5.14,-37,78
10/9/20 19:50,10/9/20 19:50,46.58517,-117.86783,44,92,11666.52,10,5.1,-36,79
10/9/20 19:52,10/9/20 19:52,46.58617,-117.849,48,81,11859.46,10,5.1,-35,80
10/9/20 19:54,10/9/20 19:54,46.58583,-117.82767,54,97,12044.48,10,5.14,-35,81
10/9/20 19:56,10/9/20 19:56,46.58433,-117.805,52,93,12164.57,11,5.1,-31,82
10/9/20 19:58,10/9/20 19:58,46.5845,-117.78083,56,83,12267.59,10,5.12,-29,83
10/9/20 20:00,10/9/20 20:00,46.58617,-117.75733,52,84,12355.37,10,4.98,-15,84
10/9/20 20:02,10/9/20 20:02,46.58783,-117.73383,56,82,12374.58,11,4.76,-12,85
10/9/20 20:04,10/9/20 20:04,46.59,-117.70933,57,83,12400.48,11,4.86,-8,86
10/9/20 20:06,10/9/20 20:06,46.592,-117.68417,57,84,12389.51,11,4.92,-9,87
10/9/20 20:08,10/9/20 20:08,46.5935,-117.658,61,86,12390.42,10,4.94,-13,88
10/9/20 20:10,10/9/20 20:10,46.59417,-117.63017,63,88,12366.35,10,4.82,-13,89
10/9/20 20:12,10/9/20 20:12,46.59467,-117.60183,65,88,12349.58,11,4.9,-13,90
10/9/20 20:16,10/9/20 20:16,46.59667,-117.547,59,86,12370.31,11,4.76,-7,92
10/9/20 20:18,10/9/20 20:18,46.59783,-117.5215,57,85,12373.36,11,4.78,-15,93
10/9/20 20:22,10/9/20 20:22,46.59983,-117.47133,59,88,12368.48,12,4.74,-8,95
10/9/20 20:24,10/9/20 20:24,46.60033,-117.44517,59,87,12383.41,12,4.8,-13,96
10/9/20 20:26,10/9/20 20:26,46.60083,-117.41917,59,89,12351.41,12,4.86,-13,97
10/9/20 20:28,10/9/20 20:28,46.60033,-117.39267,59,93,12351.41,12,4.82,-13,98
10/9/20 20:30,10/9/20 20:30,46.59967,-117.3665,61,91,12382.5,12,4.92,-14,99
10/9/20 20:32,10/9/20 20:32,46.59933,-117.33967,61,90,12400.48,12,4.84,-15,100
10/9/20 20:34,10/9/20 20:34,46.59917,-117.31317,59,90,12427.31,12,4.98,-16,101
10/9/20 20:36,10/9/20 20:36,46.59917,-117.28733,59,89,12422.43,12,4.82,-13,102
10/9/20 20:38,10/9/20 20:38,46.59883,-117.26133,59,92,12408.41,12,4.88,-8,103
10/9/20 20:40,10/9/20 20:40,46.59767,-117.23517,59,94,12391.34,12,4.76,-10,104
10/9/20 20:42,10/9/20 20:42,46.596,-117.20817,63,95,12426.39,12,4.72,-3,105
10/9/20 20:44,10/9/20 20:44,46.59383,-117.18033,63,95,12423.34,12,4.98,-10,106
10/9/20 20:46,10/9/20 20:46,46.592,-117.153,61,96,12423.34,12,4.82,-11,107
10/9/20 20:48,10/9/20 20:48,46.58967,-117.1265,59,97,12432.49,12,4.82,-8,108
10/9/20 20:50,10/9/20 20:50,46.58683,-117.10017,61,99,12433.4,11,4.84,-9,109
10/9/20 20:52,10/9/20 20:52,46.58367,-117.07283,63,99,12420.6,12,4.74,-8,110
10/9/20 20:54,10/9/20 20:54,46.5805,-117.04583,61,99,12403.53,12,4.78,-8,111
10/9/20 20:56,10/9/20 20:56,46.5775,-117.0185,63,99,12425.48,12,4.72,-11,112
10/9/20 20:58,10/9/20 20:58,46.57433,-116.9915,61,99,12423.34,12,4.9,-7,113
10/9/20 21:00,10/9/20 21:00,46.57133,-116.965,61,99,12414.5,12,4.94,-8,114
10/9/20 21:02,10/9/20 21:02,46.56833,-116.93917,59,99,12436.45,12,4.82,-14,115
10/9/20 21:04,10/9/20 21:04,46.565,-116.913,61,100,12424.56,12,4.88,-13,116
10/9/20 21:06,10/9/20 21:06,46.5615,-116.887,59,100,12424.56,11,4.64,-5,117
10/9/20 21:08,10/9/20 21:08,46.55817,-116.861,61,100,12428.52,11,4.74,-12,118
10/9/20 21:10,10/9/20 21:10,46.55467,-116.83433,63,101,12441.33,10,4.76,-12,119
10/9/20 21:12,10/9/20 21:12,46.551,-116.807,63,100,12427.31,10,4.92,-11,120
10/9/20 21:14,10/9/20 21:14,46.54783,-116.77983,63,99,12411.46,11,4.74,-8,121
10/9/20 21:16,10/9/20 21:16,46.5445,-116.75283,63,100,12435.54,11,4.7,-7,122
10/9/20 21:18,10/9/20 21:18,46.54067,-116.72567,63,102,12415.42,11,4.78,-12,123
10/9/20 21:20,10/9/20 21:20,46.53633,-116.69817,65,103,12423.34,11,4.86,-8,124
10/9/20 21:22,10/9/20 21:22,46.53167,-116.67017,67,103,12418.47,11,4.68,-7,125
10/9/20 21:24,10/9/20 21:24,46.52683,-116.64167,67,104,12428.52,10,4.6,-4,126
10/9/20 21:26,10/9/20 21:26,46.52167,-116.61383,65,105,12395.3,9,4.62,-6,127
10/9/20 21:28,10/9/20 21:28,46.51633,-116.58717,61,107,12360.55,10,4.9,-13,128
10/9/20 21:30,10/9/20 21:30,46.5105,-116.56183,61,108,12375.49,10,4.86,-6,129
10/9/20 21:32,10/9/20 21:32,46.50483,-116.53667,59,108,12375.49,12,4.66,-9,130
10/9/20 21:34,10/9/20 21:34,46.49917,-116.51167,59,107,12406.58,11,4.96,-16,131
10/9/20 21:36,10/9/20 21:36,46.49417,-116.48733,57,107,12410.54,11,4.94,-14,132
10/9/20 21:38,10/9/20 21:38,46.48867,-116.4625,61,108,12397.44,11,4.98,-16,133
10/9/20 21:40,10/9/20 21:40,46.48283,-116.43717,59,107,12409.32,11,4.78,-16,134
10/9/20 21:42,10/9/20 21:42,46.4775,-116.4125,57,107,12378.54,10,4.94,-14,135
10/9/20 21:44,10/9/20 21:44,46.47233,-116.38883,56,107,12370.31,10,4.9,-8,136
10/9/20 21:46,10/9/20 21:46,46.46717,-116.36617,54,108,12389.51,10,4.9,-8,137
10/9/20 21:48,10/9/20 21:48,46.4625,-116.34383,52,105,12389.51,10,4.84,-12,138
10/9/20 21:50,10/9/20 21:50,46.45833,-116.32183,54,105,12388.6,10,4.54,-5,139
10/9/20 21:52,10/9/20 21:52,46.4535,-116.299,56,107,12395.3,10,4.82,-13,140
10/9/20 21:54,10/9/20 21:54,46.44867,-116.27617,56,107,12382.5,10,4.56,-12,141
10/9/20 21:56,10/9/20 21:56,46.44367,-116.25383,52,107,12409.32,10,4.96,-12,142
10/9/20 21:58,10/9/20 21:58,46.43917,-116.23233,50,107,12419.38,10,4.82,-12,143
10/9/20 22:00,10/9/20 22:00,46.43433,-116.21033,54,106,12429.44,9,4.88,-7,144
10/9/20 22:02,10/9/20 22:02,46.42967,-116.18733,56,105,12428.52,11,4.94,-11,145
10/9/20 22:04,10/9/20 22:04,46.425,-116.16283,59,105,12429.44,11,4.94,-12,146
10/9/20 22:06,10/9/20 22:06,46.42017,-116.1385,57,105,12411.46,11,4.9,-5,147
10/9/20 22:08,10/9/20 22:08,46.4155,-116.11483,56,105,12413.59,11,4.54,-6,148
10/9/20 22:10,10/9/20 22:10,46.41117,-116.092,54,104,12420.6,11,4.62,-14,149
10/9/20 22:12,10/9/20 22:12,46.407,-116.06917,54,104,12424.56,11,3.92,-5,150
10/9/20 22:14,10/9/20 22:14,46.40267,-116.0465,54,105,12415.42,11,4.6,-10,151
10/9/20 22:16,10/9/20 22:16,46.39833,-116.0245,50,106,12416.33,12,4.78,-7,152
10/9/20 22:18,10/9/20 22:18,46.39417,-116.003,52,105,12412.37,12,4.92,-6,153
10/9/20 22:20,10/9/20 22:20,46.39017,-115.98067,54,103,12421.51,12,4.9,-12,154
10/9/20 22:22,10/9/20 22:22,46.38617,-115.95783,54,104,12416.33,12,3.7,-10,155
10/9/20 22:24,10/9/20 22:24,46.3825,-115.9355,50,102,12405.36,12,4.92,-10,156
10/9/20 22:26,10/9/20 22:26,46.37933,-115.915,46,101,12382.5,12,4.76,-14,157
10/9/20 22:28,10/9/20 22:28,46.37667,-115.8955,46,101,12401.4,12,4.02,-5,158
10/9/20 22:30,10/9/20 22:30,46.37417,-115.87517,48,98,12397.44,12,4.2,-7,159
10/9/20 22:32,10/9/20 22:32,46.37183,-115.8545,48,98,12375.49,12,4.9,-6,160
10/9/20 22:34,10/9/20 22:34,46.36983,-115.83367,46,96,12394.39,12,3.9,-1,161
10/9/20 22:36,10/9/20 22:36,46.36833,-115.8135,46,96,12387.38,12,3.84,-10,162
10/9/20 22:38,10/9/20 22:38,46.36667,-115.7935,46,97,12385.55,12,3.82,-4,163
10/9/20 22:40,10/9/20 22:40,46.36467,-115.7735,46,97,12394.39,12,4.86,-5,164
10/9/20 22:42,10/9/20 22:42,46.36333,-115.75333,46,94,12391.34,12,4.4,-10,165
10/9/20 22:44,10/9/20 22:44,46.36217,-115.73317,46,94,12381.59,12,4.8,-24,166
10/9/20 22:46,10/9/20 22:46,46.36117,-115.713,46,94,12383.41,12,4.36,-20,167
10/9/20 22:48,10/9/20 22:48,46.36,-115.69317,46,96,12401.4,12,4.22,-10,168
10/9/20 22:50,10/9/20 22:50,46.3585,-115.67267,48,95,12397.44,12,4.82,-14,169
10/9/20 22:52,10/9/20 22:52,46.35733,-115.6515,48,94,12401.4,12,4.78,-13,170
10/9/20 22:54,10/9/20 22:54,46.3565,-115.63083,46,92,12384.33,11,4.84,-8,171
10/9/20 22:56,10/9/20 22:56,46.35583,-115.61117,44,92,12389.51,10,4.72,-11,172
10/9/20 22:58,10/9/20 22:58,46.35533,-115.59133,46,92,12396.52,10,4.54,-11,173
10/9/20 23:00,10/9/20 23:00,46.3545,-115.57067,46,94,12386.46,10,4.82,-6,174
10/9/20 23:02,10/9/20 23:02,46.35283,-115.5505,46,97,12398.35,10,4.56,-4,175
10/9/20 23:08,10/9/20 23:08,46.34783,-115.49133,44,95,12373.36,10,4.4,-7,178
10/9/20 23:10,10/9/20 23:10,46.34667,-115.47117,46,95,12392.56,10,4.34,-8,179
10/9/20 23:12,10/9/20 23:12,46.34567,-115.45083,46,94,12372.44,10,4.8,-8,180
10/9/20 23:14,10/9/20 23:14,46.34483,-115.43167,41,92,12376.4,10,3.84,-6,181
10/9/20 23:26,10/9/20 23:26,46.345,-115.327,39,89,12371.53,9,4.26,-8,4
10/9/20 23:28,10/9/20 23:28,46.345,-115.3095,41,90,12376.4,9,4.44,-5,5
10/9/20 23:39,10/9/20 23:39,46.343,-115.2115,43,94,12370.31,8,4.06,-9,4
10/9/20 23:41,10/9/20 23:41,46.342,-115.19333,41,93,12374.58,8,3.88,-9,5
10/9/20 23:43,10/9/20 23:43,46.3415,-115.17583,39,92,12375.49,9,4.52,-8,6
10/9/20 23:45,10/9/20 23:45,46.341,-115.15833,41,93,12373.36,10,3.26,-17,7
10/10/20 14:50,10/10/20 14:50,48.67733,-107.02083,72,54,12210.59,9,4.38,-1,
10/10/20 15:19,10/10/20 15:19,48.84,-106.614,74,64,12198.4,8,4.28,-10,2
10/10/20 15:21,10/10/20 15:21,48.8495,-106.58317,74,63,12194.44,10,3.28,3,3
10/10/20 15:33,10/10/20 15:33,48.91033,-106.38667,74,65,12202.36,11,4.06,-9,4
10/10/20 15:35,10/10/20 15:35,48.9195,-106.35617,72,64,12223.39,11,4.46,-13,5
10/10/20 15:37,10/10/20 15:37,48.9295,-106.3265,72,62,12210.59,11,4.42,-9,6
10/10/20 15:47,10/10/20 15:47,48.983,-106.17633,72,62,12225.53,10,3.78,-10,4
10/10/20 15:49,10/10/20 15:49,48.99317,-106.147,72,61,12229.49,10,3.86,-11,5
10/10/20 16:00,10/10/20 16:00,49.05617,-105.9895,70,52,12245.34,9,3.52,-8,4
10/10/20 16:02,10/10/20 16:02,49.069,-105.96317,72,54,12257.53,9,4.82,-5,5
10/10/20 16:04,10/10/20 16:04,49.08183,-105.93633,72,54,12251.44,11,4.68,-8,6
10/10/20 16:06,10/10/20 16:06,49.09483,-105.90917,74,54,12245.34,10,3.78,-3,7
10/10/20 16:08,10/10/20 16:08,49.10767,-105.88133,74,55,12243.51,10,4.7,-8,8
10/10/20 16:10,10/10/20 16:10,49.12033,-105.85333,74,55,12252.35,10,4.82,-14,9
10/10/20 16:12,10/10/20 16:12,49.13317,-105.82567,72,53,12250.52,10,3.84,-6,10
10/10/20 16:14,10/10/20 16:14,49.1465,-105.79917,72,51,12260.58,10,3.28,-1,11
10/10/20 16:16,10/10/20 16:16,49.16,-105.7735,70,51,12253.57,10,3.9,-15,12
10/10/20 16:18,10/10/20 16:18,49.17317,-105.747,72,53,12245.34,12,4.86,-10,13
10/10/20 16:20,10/10/20 16:20,49.18633,-105.71983,74,53,12259.36,11,4.26,-6,14
10/10/20 16:22,10/10/20 16:22,49.20017,-105.69283,74,50,12261.49,11,4.18,-9,15
10/10/20 16:24,10/10/20 16:24,49.2145,-105.666,76,50,12260.58,11,3.72,-5,16
10/10/20 16:26,10/10/20 16:26,49.22917,-105.63883,76,51,12260.58,11,4.7,-12,17
10/10/20 16:28,10/10/20 16:28,49.24367,-105.61117,78,51,12244.43,11,4.38,-8,18
10/10/20 16:30,10/10/20 16:30,49.25833,-105.583,80,52,12236.5,10,4.58,-6,19
10/10/20 16:32,10/10/20 16:32,49.273,-105.55383,80,52,12244.43,11,4.66,-6,20
10/10/20 16:34,10/10/20 16:34,49.28767,-105.5245,80,53,12243.51,11,4.84,-3,21
10/10/20 16:36,10/10/20 16:36,49.30167,-105.49467,80,55,12228.58,11,4.56,-7,22
10/10/20 16:38,10/10/20 16:38,49.31483,-105.46417,78,57,12248.39,11,4.76,-8,23
10/10/20 16:40,10/10/20 16:40,49.32767,-105.43383,78,55,12241.38,11,4.44,-5,24
10/10/20 16:42,10/10/20 16:42,49.341,-105.4045,78,54,12257.53,11,4.16,2,25
10/10/20 16:44,10/10/20 16:44,49.355,-105.37567,78,52,12251.44,11,4.04,0,26
10/10/20 16:46,10/10/20 16:46,49.36967,-105.347,80,51,12252.35,11,4.78,-4,27
10/10/20 16:48,10/10/20 16:48,49.38483,-105.3175,81,52,12251.44,11,4.5,-5,28
10/10/20 16:50,10/10/20 16:50,49.4,-105.28767,81,51,12246.56,11,4.46,-5,29
10/10/20 16:52,10/10/20 16:52,49.41533,-105.258,81,51,12232.54,10,4.32,-1,30
10/10/20 16:54,10/10/20 16:54,49.43033,-105.22783,83,53,12235.59,11,4.7,-4,31
10/10/20 16:56,10/10/20 16:56,49.445,-105.197,81,54,12228.58,11,4.76,-5,32
10/10/20 16:58,10/10/20 16:58,49.45867,-105.16583,81,56,12215.47,11,4.86,-9,33
10/10/20 17:00,10/10/20 17:00,49.47167,-105.134,80,58,12247.47,11,4.76,-9,34
10/10/20 17:02,10/10/20 17:02,49.4845,-105.10267,80,56,12254.48,11,4.58,-13,35
10/10/20 17:04,10/10/20 17:04,49.4985,-105.07217,80,53,12244.43,11,4.46,-8,36
10/10/20 17:06,10/10/20 17:06,49.51317,-105.04217,81,53,12237.42,10,4.76,-2,37
10/10/20 17:08,10/10/20 17:08,49.52767,-105.01167,81,54,12232.54,10,4.86,-8,38
10/10/20 17:10,10/10/20 17:10,49.5415,-104.98083,80,55,12239.55,10,4.84,-9,39
10/10/20 17:12,10/10/20 17:12,49.555,-104.95017,80,55,12257.53,9,4.64,-6,40
10/10/20 17:14,10/10/20 17:14,49.56883,-104.92033,78,54,12239.55,11,4.54,-6,41
10/10/20 17:16,10/10/20 17:16,49.58233,-104.89067,78,55,12251.44,9,4.6,-5,42
10/10/20 17:18,10/10/20 17:18,49.596,-104.86117,80,53,12258.45,9,4.7,-10,43
10/10/20 17:20,10/10/20 17:20,49.61067,-104.8315,81,52,12237.42,10,4.8,-5,44
10/10/20 17:22,10/10/20 17:22,49.62533,-104.8015,80,54,12240.46,10,4.8,-7,45
10/10/20 17:24,10/10/20 17:24,49.63917,-104.77067,80,55,12227.36,10,4.9,-9,46
10/10/20 17:26,10/10/20 17:26,49.65317,-104.74,81,55,12236.5,10,4.72,-6,47
10/10/20 17:28,10/10/20 17:28,49.667,-104.70917,80,56,12240.46,10,4.76,-7,48
10/10/20 17:30,10/10/20 17:30,49.68017,-104.67833,78,56,12251.44,10,4.72,-5,49
10/10/20 17:32,10/10/20 17:32,49.69333,-104.64833,76,55,12236.5,10,4.92,-9,50
10/10/20 17:34,10/10/20 17:34,49.706,-104.61883,76,56,12234.37,12,4.72,-11,51
10/10/20 17:36,10/10/20 17:36,49.7185,-104.58967,74,56,12248.39,11,4.86,-11,52
10/10/20 17:38,10/10/20 17:38,49.73117,-104.56033,76,55,12243.51,10,4.86,-5,53
10/10/20 17:40,10/10/20 17:40,49.74417,-104.53067,78,56,12252.35,11,4.92,-6,54
10/10/20 17:42,10/10/20 17:42,49.75717,-104.5005,78,56,12239.55,11,4.74,-9,55
10/10/20 17:44,10/10/20 17:44,49.76983,-104.47017,78,58,12242.6,11,4.88,-9,56
10/10/20 17:46,10/10/20 17:46,49.782,-104.43967,76,58,12240.46,11,4.98,-6,57
10/10/20 17:48,10/10/20 17:48,49.794,-104.40967,74,58,12235.59,11,4.8,-9,58
10/10/20 17:50,10/10/20 17:50,49.80567,-104.37967,76,58,12255.4,10,4.8,-10,59
10/10/20 17:52,10/10/20 17:52,49.81783,-104.34917,78,57,12247.47,10,4.92,-8,60
10/10/20 17:54,10/10/20 17:54,49.83083,-104.31817,80,56,12250.52,10,4.86,-12,61
10/10/20 17:56,10/10/20 17:56,49.84417,-104.28667,80,56,12233.45,10,4.82,-12,62
10/10/20 17:58,10/10/20 17:58,49.85717,-104.25567,80,57,12223.39,10,4.86,-7,63
10/10/20 18:00,10/10/20 18:00,49.86933,-104.22433,78,59,12239.55,10,4.84,-10,64
10/10/20 18:02,10/10/20 18:02,49.881,-104.19283,78,59,12253.57,11,4.76,-12,65
10/10/20 18:04,10/10/20 18:04,49.8935,-104.16117,80,58,12238.33,11,4.74,-13,66
10/10/20 18:06,10/10/20 18:06,49.90633,-104.12917,80,58,12231.32,11,4.78,-8,67
10/10/20 18:08,10/10/20 18:08,49.91867,-104.0975,78,59,12247.47,11,4.92,-7,68
10/10/20 18:10,10/10/20 18:10,49.9305,-104.06617,78,59,12236.5,10,4.74,-6,69
10/10/20 18:12,10/10/20 18:12,49.94233,-104.035,78,59,12252.35,11,4.88,-2,70
10/10/20 18:14,10/10/20 18:14,49.95467,-104.00333,80,58,12257.53,11,4.9,-6,71
10/10/20 18:16,10/10/20 18:16,49.96767,-103.971,81,57,12239.55,11,4.68,-1,72
10/10/20 18:18,10/10/20 18:18,49.981,-103.93833,81,57,12238.33,11,4.92,-6,73
10/10/20 18:20,10/10/20 18:20,49.99383,-103.90567,81,59,12246.56,11,4.96,-12,74
10/10/20 18:22,10/10/20 18:22,50.00617,-103.8725,83,59,12246.56,11,4.76,-11,75
10/10/20 18:24,10/10/20 18:24,50.01917,-103.83883,83,59,12248.39,11,4.96,-7,76
10/10/20 18:26,10/10/20 18:26,50.032,-103.805,83,60,12239.55,11,4.9,-13,77
10/10/20 18:28,10/10/20 18:28,50.04433,-103.77133,83,60,12221.57,11,4.9,-9,78
10/10/20 18:30,10/10/20 18:30,50.05617,-103.73733,81,62,12242.6,11,4.82,-9,79
10/10/20 18:32,10/10/20 18:32,50.06767,-103.70333,81,62,12248.39,11,4.66,-3,80
10/10/20 18:34,10/10/20 18:34,50.07933,-103.66933,83,61,12247.47,11,4.9,-7,81
10/10/20 18:36,10/10/20 18:36,50.09117,-103.635,83,61,12241.38,11,4.96,-10,82
10/10/20 18:38,10/10/20 18:38,50.10333,-103.60033,85,61,12241.38,10,4.76,-8,83
10/10/20 18:40,10/10/20 18:40,50.11567,-103.56533,85,60,12234.37,10,4.76,-8,84
10/10/20 18:42,10/10/20 18:42,50.12817,-103.5305,85,60,12242.6,10,4.64,-4,85
10/10/20 18:44,10/10/20 18:44,50.1405,-103.49567,85,61,12237.42,10,4.66,-2,86
10/10/20 18:46,10/10/20 18:46,50.15233,-103.46083,83,62,12247.47,10,4.8,-8,87
10/10/20 18:48,10/10/20 18:48,50.16383,-103.42617,83,61,12244.43,10,4.8,-9,88
10/10/20 18:50,10/10/20 18:50,50.176,-103.39083,85,61,12247.47,10,4.74,-4,89
10/10/20 18:52,10/10/20 18:52,50.18817,-103.3555,85,61,12244.43,10,4.64,-8,90
10/10/20 18:54,10/10/20 18:54,50.20033,-103.32017,85,62,12264.54,11,4.78,-13,91
10/10/20 18:56,10/10/20 18:56,50.2125,-103.28467,87,61,12268.5,11,4.96,-10,92
10/10/20 18:58,10/10/20 18:58,50.22533,-103.24867,89,60,12256.31,11,4.64,-3,93
10/10/20 19:00,10/10/20 19:00,50.2385,-103.212,89,61,12254.48,11,4.86,-3,94
10/10/20 19:02,10/10/20 19:02,50.251,-103.175,89,62,12220.35,11,4.72,-7,95
10/10/20 19:04,10/10/20 19:04,50.26233,-103.1385,83,65,12249.3,11,4.92,-7,96
10/10/20 19:06,10/10/20 19:06,50.273,-103.1025,83,64,12229.49,11,4.74,-4,97
10/10/20 19:08,10/10/20 19:08,50.2835,-103.067,81,66,12243.51,11,4.8,-9,98
10/10/20 19:10,10/10/20 19:10,50.293,-103.03217,80,67,12250.52,11,4.94,-14,99
10/10/20 19:12,10/10/20 19:12,50.30217,-102.99783,78,67,12250.52,11,4.86,-9,100
10/10/20 19:14,10/10/20 19:14,50.311,-102.964,78,66,12280.39,11,4.98,-10,101
10/10/20 19:16,10/10/20 19:16,50.3205,-102.92967,80,66,12273.38,11,4.84,-13,102
10/10/20 19:18,10/10/20 19:18,50.33017,-102.89467,81,66,12276.43,11,4.72,-8,103
10/10/20 19:20,10/10/20 19:20,50.34017,-102.859,83,65,12284.35,11,4.72,-10,104
10/10/20 19:22,10/10/20 19:22,50.35083,-102.82333,83,64,12282.53,10,4.94,-11,105
10/10/20 19:24,10/10/20 19:24,50.36167,-102.78733,85,64,12274.3,11,4.66,-9,106
10/10/20 19:26,10/10/20 19:26,50.373,-102.75067,87,64,12277.34,11,4.8,-12,107
10/10/20 19:28,10/10/20 19:28,50.38467,-102.7135,87,63,12279.48,11,4.86,-9,108
10/10/20 19:30,10/10/20 19:30,50.3965,-102.67633,89,63,12257.53,11,4.86,-6,109
10/10/20 19:32,10/10/20 19:32,50.40817,-102.6385,89,64,12253.57,11,4.72,-10,110
10/10/20 19:36,10/10/20 19:36,50.43217,-102.56183,91,63,12225.53,11,4.74,-7,112
10/10/20 19:38,10/10/20 19:38,50.44417,-102.5235,89,64,12239.55,11,4.74,-7,113
10/10/20 19:42,10/10/20 19:42,50.4665,-102.44867,85,66,12241.38,11,4.62,-7,115
10/10/20 19:46,10/10/20 19:46,50.48683,-102.37567,83,66,12252.35,11,4.9,-5,117
10/10/20 19:50,10/10/20 19:50,50.50717,-102.3025,85,66,12250.52,10,4.64,-6,119
10/10/20 19:58,10/10/20 19:58,50.54983,-102.15367,87,66,12251.44,10,4.52,1,123
10/10/20 20:06,10/10/20 20:06,50.59017,-102.0035,85,67,12260.58,11,4.8,-1,127
10/10/20 20:10,10/10/20 20:10,50.61,-101.92833,85,67,12235.59,10,4.94,-5,129
10/10/20 20:12,10/10/20 20:12,50.61967,-101.891,85,68,12251.44,10,4.64,-8,130
10/10/20 20:18,10/10/20 20:18,50.6475,-101.77883,83,69,12251.44,10,4.52,-4,133
10/10/20 20:22,10/10/20 20:22,50.66467,-101.70433,83,71,12257.53,11,4.1,0,135
10/10/20 20:26,10/10/20 20:26,50.68067,-101.63033,81,71,12261.49,11,4.88,-9,137
10/11/20 13:06,10/11/20 13:06,50.52283,-79.6005,126,114,12068.56,6,3.9,-10,2
10/11/20 13:26,10/11/20 13:26,50.37917,-79.08767,124,113,12057.58,9,3.28,-17,3
10/11/20 13:28,10/11/20 13:28,50.36433,-79.03367,124,113,12063.37,9,3.76,-14,4
10/11/20 13:29,10/11/20 13:29,50.3495,-78.98017,124,113,12071.3,9,4.46,-13,5
10/11/20 13:31,10/11/20 13:31,50.33467,-78.92583,126,113,12060.33,9,3.28,-5,6
10/11/20 13:34,10/11/20 13:34,50.31967,-78.87183,124,113,12061.55,8,4.54,-16,7
10/11/20 13:36,10/11/20 13:36,50.3045,-78.8185,126,113,12066.42,8,4.18,-10,8
10/11/20 13:38,10/11/20 13:38,50.28933,-78.7645,126,113,12051.49,8,3.82,-8,9
10/11/20 13:45,10/11/20 13:45,50.23317,-78.56283,126,113,12047.52,8,3.28,-1,4
10/11/20 13:47,10/11/20 13:47,50.21767,-78.5085,126,114,12080.44,7,4.58,-7,5
10/11/20 13:49,10/11/20 13:49,50.20217,-78.45383,128,113,12060.33,8,3.64,-7,6
10/11/20 13:51,10/11/20 13:51,50.18667,-78.39967,128,114,12050.57,8,4.62,-6,7
10/11/20 13:53,10/11/20 13:53,50.17117,-78.345,128,113,12035.33,8,4.36,-9,8
10/11/20 13:55,10/11/20 13:55,50.15567,-78.29067,126,114,12062.46,8,4.44,-11,9
10/11/20 13:57,10/11/20 13:57,50.13983,-78.2365,126,114,12061.55,8,4.02,-3,10
10/11/20 13:59,10/11/20 13:59,50.12417,-78.182,128,114,12076.48,8,3.88,0,11
10/11/20 14:01,10/11/20 14:01,50.10817,-78.127,130,113,12064.29,7,4.32,-7,12
10/11/20 14:03,10/11/20 14:03,50.09233,-78.0715,130,113,12048.44,8,3.56,-6,13
10/11/20 14:05,10/11/20 14:05,50.0765,-78.01567,130,113,12053.32,8,4.12,-3,14
10/11/20 14:07,10/11/20 14:07,50.06067,-77.95967,130,113,12059.41,9,4.62,-7,15
10/11/20 14:09,10/11/20 14:09,50.0445,-77.90433,130,114,12069.47,9,4.78,-7,16
10/11/20 14:11,10/11/20 14:11,50.02817,-77.8495,128,115,12050.57,9,4.86,-7,17
10/11/20 14:13,10/11/20 14:13,50.01167,-77.795,130,114,12069.47,8,4.04,-1,18
10/11/20 14:15,10/11/20 14:15,49.99517,-77.74033,130,115,12062.46,9,3.42,-8,19
10/11/20 14:17,10/11/20 14:17,49.97867,-77.68583,130,114,12066.42,9,4.44,-8,20
10/11/20 14:19,10/11/20 14:19,49.96217,-77.63167,128,115,12075.57,9,4.42,-3,21
10/11/20 14:21,10/11/20 14:21,49.946,-77.57683,130,114,12071.3,9,4.88,-7,22
10/11/20 14:23,10/11/20 14:23,49.93,-77.52183,130,113,12058.5,10,4.22,-5,23
10/11/20 14:25,10/11/20 14:25,49.91417,-77.46667,130,114,12072.52,10,4.28,1,24
10/11/20 14:27,10/11/20 14:27,49.89817,-77.41133,131,114,12067.34,10,4.5,-3,25
10/11/20 14:29,10/11/20 14:29,49.88183,-77.35567,131,114,12060.33,10,4.46,-9,26
10/11/20 14:31,10/11/20 14:31,49.86533,-77.3005,130,116,12079.53,11,4.94,-5,27
10/11/20 14:33,10/11/20 14:33,49.84833,-77.24583,131,115,12036.55,11,4.78,-5,28
10/11/20 14:35,10/11/20 14:35,49.83117,-77.19083,131,115,12068.56,11,4.36,-1,29
10/11/20 14:37,10/11/20 14:37,49.81417,-77.136,130,115,12081.36,11,4.34,-1,30
10/11/20 14:39,10/11/20 14:39,49.79783,-77.08067,131,114,12041.43,11,4.84,-8,31
10/11/20 14:43,10/11/20 14:43,49.76483,-76.969,131,114,12078.31,11,4.22,1,33
10/11/20 14:45,10/11/20 14:45,49.74833,-76.91317,131,114,12067.34,11,4.9,-7,34
10/11/20 14:47,10/11/20 14:47,49.73183,-76.8575,131,114,12069.47,11,4.66,-8,35
10/11/20 14:49,10/11/20 14:49,49.71517,-76.80233,130,115,12065.51,10,4.48,-4,36
10/11/20 14:51,10/11/20 14:51,49.69833,-76.74767,130,115,12060.33,11,4.72,-8,37
10/11/20 14:53,10/11/20 14:53,49.6815,-76.69333,130,115,12075.57,10,4.8,-4,38
10/11/20 14:55,10/11/20 14:55,49.66483,-76.639,130,115,12066.42,10,4.9,-6,39
10/11/20 14:59,10/11/20 14:59,49.63083,-76.53017,130,115,12056.36,10,4.84,-2,41
10/11/20 15:01,10/11/20 15:01,49.61383,-76.47617,130,116,12076.48,9,4.8,-7,42
10/11/20 15:03,10/11/20 15:03,49.59667,-76.42183,131,115,12068.56,9,4.86,-10,43
10/11/20 15:05,10/11/20 15:05,49.5795,-76.36683,131,115,12050.57,9,4.82,-13,44
10/11/20 15:07,10/11/20 15:07,49.5625,-76.31233,130,115,12052.4,9,4.62,-8,45
10/11/20 15:09,10/11/20 15:09,49.54567,-76.25817,130,115,12065.51,9,4.76,-6,46
10/11/20 15:11,10/11/20 15:11,49.52917,-76.20383,131,115,12076.48,9,4.64,-7,47
10/11/20 15:13,10/11/20 15:13,49.51233,-76.14867,131,115,12069.47,9,4.86,-3,48
10/11/20 15:15,10/11/20 15:15,49.49517,-76.093,133,115,12073.43,9,4.86,-9,49
10/11/20 15:17,10/11/20 15:17,49.478,-76.03733,133,115,12058.5,9,4.56,-9,50
10/11/20 15:19,10/11/20 15:19,49.46117,-75.98183,131,114,12059.41,9,4.68,-2,51
10/11/20 15:21,10/11/20 15:21,49.44483,-75.92683,130,114,12047.52,9,4.84,-11,52
10/11/20 15:23,10/11/20 15:23,49.429,-75.87233,130,113,12052.4,9,4.76,-7,53
10/11/20 15:25,10/11/20 15:25,49.41333,-75.81767,130,113,12045.39,9,4.7,-10,54
10/11/20 15:27,10/11/20 15:27,49.39733,-75.763,131,114,12061.55,9,4.88,-12,55
10/11/20 15:29,10/11/20 15:29,49.381,-75.70783,131,114,12048.44,10,4.78,-19,56
10/11/20 15:31,10/11/20 15:31,49.36483,-75.653,130,114,12050.57,10,4.92,-9,57
10/11/20 15:33,10/11/20 15:33,49.34833,-75.59817,131,114,12056.36,11,4.82,-18,58
10/11/20 15:35,10/11/20 15:35,49.33167,-75.54317,131,114,12059.41,11,4.5,-6,59
10/11/20 15:37,10/11/20 15:37,49.31483,-75.48833,131,115,12061.55,11,4.94,-8,60
10/11/20 15:39,10/11/20 15:39,49.298,-75.43317,131,114,12056.36,11,4.7,-2,61
10/11/20 15:41,10/11/20 15:41,49.282,-75.37767,131,113,12054.54,11,4.94,0,62
10/11/20 15:43,10/11/20 15:43,49.266,-75.3215,133,113,12063.37,12,4.9,-2,63
10/11/20 15:45,10/11/20 15:45,49.25,-75.26467,135,113,12071.3,12,4.9,-13,64
10/11/20 15:47,10/11/20 15:47,49.23367,-75.20683,137,113,12073.43,11,4.84,-17,65
10/11/20 15:49,10/11/20 15:49,49.21717,-75.14933,137,113,12074.35,11,4.9,-7,66
10/11/20 15:51,10/11/20 15:51,49.20033,-75.092,137,114,12067.34,11,4.9,-3,67
10/11/20 15:53,10/11/20 15:53,49.1835,-75.03483,135,114,12052.4,11,4.9,-2,68
10/11/20 15:55,10/11/20 15:55,49.16667,-74.97817,135,114,12051.49,11,4.76,-5,69
10/11/20 15:57,10/11/20 15:57,49.14983,-74.92167,135,114,12072.52,11,4.88,-2,70
10/11/20 15:59,10/11/20 15:59,49.13267,-74.86533,135,115,12067.34,11,4.9,-9,71
10/11/20 16:01,10/11/20 16:01,49.11533,-74.80917,135,115,12044.48,11,4.66,-4,72
10/11/20 16:03,10/11/20 16:03,49.09817,-74.75317,133,114,12053.32,11,4.78,-4,73
10/11/20 16:05,10/11/20 16:05,49.08133,-74.69733,135,115,12067.34,11,4.74,2,74
10/11/20 16:07,10/11/20 16:07,49.06367,-74.6415,135,116,12080.44,11,4.9,-2,75
10/11/20 16:09,10/11/20 16:09,49.0455,-74.58567,135,116,12053.32,11,4.92,-4,76
10/11/20 16:11,10/11/20 16:11,49.02717,-74.52967,137,116,12055.45,11,4.9,-5,77
10/11/20 16:13,10/11/20 16:13,49.00933,-74.4735,137,115,12071.3,10,4.92,-3,78
10/11/20 16:15,10/11/20 16:15,48.99133,-74.417,139,116,12079.53,11,4.84,-5,79
10/11/20 16:17,10/11/20 16:17,48.97267,-74.3605,139,117,12064.29,11,4.94,-7,80
10/11/20 16:19,10/11/20 16:19,48.95383,-74.30417,137,116,12060.33,11,4.88,-15,81
10/11/20 16:21,10/11/20 16:21,48.93517,-74.24833,137,116,12084.41,10,4.82,-9,82
10/11/20 16:23,10/11/20 16:23,48.9165,-74.19267,137,117,12079.53,10,4.94,-9,83
10/11/20 16:25,10/11/20 16:25,48.89733,-74.13667,139,116,12074.35,10,4.64,-1,84
10/11/20 16:27,10/11/20 16:27,48.87867,-74.08033,139,116,12074.35,10,4.86,-6,85
10/11/20 16:29,10/11/20 16:29,48.86067,-74.0235,139,115,12062.46,9,4.94,-5,86
10/11/20 16:31,10/11/20 16:31,48.84317,-73.966,139,114,12079.53,10,4.64,-3,87
10/11/20 16:33,10/11/20 16:33,48.82633,-73.90783,139,113,12069.47,9,4.66,3,88
10/11/20 16:35,10/11/20 16:35,48.80983,-73.8485,143,112,12062.46,9,4.7,-6,89
10/11/20 16:37,10/11/20 16:37,48.79333,-73.78783,144,112,12092.33,9,4.88,-4,90
10/11/20 16:39,10/11/20 16:39,48.77617,-73.727,146,113,12083.49,9,4.86,-6,91
10/11/20 16:41,10/11/20 16:41,48.75783,-73.66583,148,114,12076.48,9,4.84,-12,92
10/11/20 16:43,10/11/20 16:43,48.73967,-73.6045,146,113,12065.51,10,4.88,-15,93
10/11/20 16:45,10/11/20 16:45,48.7225,-73.54383,144,112,12025.58,9,4.9,-13,94
10/11/20 16:47,10/11/20 16:47,48.70617,-73.48317,143,111,12018.57,9,4.86,-10,95
10/11/20 16:49,10/11/20 16:49,48.69133,-73.4225,143,110,12073.43,10,4.78,-7,96
10/11/20 16:51,10/11/20 16:51,48.67583,-73.36167,144,111,12068.56,10,4.82,-7,97
10/11/20 16:53,10/11/20 16:53,48.66,-73.30017,144,111,12052.4,10,4.74,-6,98
10/11/20 16:55,10/11/20 16:55,48.64433,-73.23883,144,111,12060.33,10,4.9,-7,99
10/11/20 16:57,10/11/20 16:57,48.62867,-73.17733,144,110,12069.47,10,4.84,-14,100
10/11/20 16:59,10/11/20 16:59,48.61333,-73.11567,146,110,12065.51,10,4.82,-12,101
10/11/20 17:01,10/11/20 17:01,48.59833,-73.05333,146,109,12035.33,11,4.82,-14,102
10/11/20 17:03,10/11/20 17:03,48.5835,-72.99033,148,109,12041.43,11,4.72,-15,103
10/11/20 17:05,10/11/20 17:05,48.569,-72.92717,148,109,12085.32,11,4.74,-9,104
10/11/20 17:07,10/11/20 17:07,48.55383,-72.86383,150,109,12060.33,11,4.76,-14,105
10/11/20 17:09,10/11/20 17:09,48.5395,-72.8,148,107,12034.42,11,4.8,-16,106
10/11/20 17:11,10/11/20 17:11,48.526,-72.73583,148,107,12052.4,11,4.8,-15,107
10/11/20 17:13,10/11/20 17:13,48.51283,-72.67183,148,107,12060.33,11,4.88,-16,108
10/11/20 17:15,10/11/20 17:15,48.5,-72.6075,148,106,12046.31,11,4.9,-18,109
10/11/20 17:17,10/11/20 17:17,48.48717,-72.5425,152,106,12037.47,10,4.92,-13,110
10/11/20 17:19,10/11/20 17:19,48.47433,-72.47683,152,106,12046.31,11,4.82,-20,111
10/11/20 17:21,10/11/20 17:21,48.46183,-72.411,152,105,12056.36,11,4.84,-14,112
10/11/20 17:23,10/11/20 17:23,48.4495,-72.34483,152,105,12040.51,11,4.86,-14,113
10/11/20 17:25,10/11/20 17:25,48.43717,-72.27817,154,105,12010.34,11,4.8,-14,114
10/11/20 17:27,10/11/20 17:27,48.42483,-72.21033,157,105,11999.37,11,4.9,-12,115
10/11/20 17:29,10/11/20 17:29,48.41283,-72.14183,157,104,12011.56,11,4.78,-11,116
10/11/20 17:31,10/11/20 17:31,48.40067,-72.07333,157,104,11986.56,11,4.78,-8,117
10/11/20 17:33,10/11/20 17:33,48.3885,-72.00483,157,104,11961.57,11,4.9,-8,118
10/11/20 17:35,10/11/20 17:35,48.376,-71.935,161,105,11966.45,11,4.8,-5,119
10/11/20 17:37,10/11/20 17:37,48.36333,-71.865,161,105,11991.44,10,4.9,-5,120
10/11/20 17:39,10/11/20 17:39,48.3505,-71.795,159,105,11996.32,10,4.9,-9,121
10/11/20 17:41,10/11/20 17:41,48.33733,-71.72617,157,106,11980.47,10,4.7,-2,122
10/11/20 17:43,10/11/20 17:43,48.32433,-71.65767,157,105,11976.51,9,4.84,-4,123
10/11/20 17:45,10/11/20 17:45,48.3115,-71.589,159,105,11990.53,9,4.76,1,124
10/11/20 17:47,10/11/20 17:47,48.2985,-71.51967,161,105,12000.59,9,4.64,1,125
10/11/20 17:49,10/11/20 17:49,48.28567,-71.45017,159,105,12030.46,9,4.92,-8,126
10/11/20 17:51,10/11/20 17:51,48.273,-71.38117,159,105,12024.36,9,4.76,-11,127
10/11/20 17:53,10/11/20 17:53,48.25967,-71.31167,161,106,12038.38,9,4.54,-6,128
10/11/20 17:55,10/11/20 17:55,48.24567,-71.24217,161,107,12078.31,9,4.54,-1,129
10/11/20 17:57,10/11/20 17:57,48.2305,-71.17267,163,108,12076.48,9,4.76,-4,130
10/11/20 17:59,10/11/20 17:59,48.21467,-71.10317,163,108,12051.49,9,4.56,-2,131
10/11/20 18:01,10/11/20 18:01,48.19933,-71.03317,163,107,12057.58,9,4.66,-2,132
10/11/20 18:03,10/11/20 18:03,48.18417,-70.9635,163,107,12055.45,9,4.5,1,133
10/11/20 18:05,10/11/20 18:05,48.1695,-70.8935,163,107,12032.28,9,4.76,-5,134
10/11/20 18:07,10/11/20 18:07,48.155,-70.823,165,107,12030.46,8,4.56,-1,135
10/11/20 18:09,10/11/20 18:09,48.14033,-70.7525,165,107,12027.41,8,4.8,-1,136
10/11/20 18:11,10/11/20 18:11,48.1255,-70.6815,167,107,11997.54,8,4.62,-10,137
10/11/20 18:13,10/11/20 18:13,48.11017,-70.60983,169,107,11994.49,8,4.48,-8,138
10/11/20 18:15,10/11/20 18:15,48.09517,-70.53767,169,107,11944.5,9,4.78,-7,139
10/11/20 18:17,10/11/20 18:17,48.08,-70.46533,169,107,11939.32,10,4.76,-5,140
10/11/20 18:19,10/11/20 18:19,48.06467,-70.3925,170,107,11965.53,10,4.6,-3,141
10/11/20 18:21,10/11/20 18:21,48.04883,-70.31933,172,108,11994.49,10,4.9,-7,142
10/11/20 18:23,10/11/20 18:23,48.03267,-70.24567,174,108,11955.48,10,4.8,-7,143
10/11/20 18:25,10/11/20 18:25,48.01567,-70.17167,176,109,11950.29,10,4.74,-5,144
10/11/20 18:27,10/11/20 18:27,47.99717,-70.09783,176,111,11986.56,10,4.82,-10,145
10/11/20 18:29,10/11/20 18:29,47.97833,-70.024,178,110,11970.41,10,4.74,-8,146
10/11/20 18:31,10/11/20 18:31,47.959,-69.94933,180,111,11973.46,10,4.84,-4,147
10/11/20 18:33,10/11/20 18:33,47.939,-69.87483,180,112,11933.53,10,4.84,-3,148
10/11/20 18:35,10/11/20 18:35,47.91833,-69.801,176,112,11908.54,10,4.84,-9,149
10/11/20 18:37,10/11/20 18:37,47.89767,-69.72983,172,114,11899.39,11,4.94,-3,150
10/11/20 18:39,10/11/20 18:39,47.8765,-69.66067,167,114,11897.56,11,4.54,-6,151
10/11/20 18:41,10/11/20 18:41,47.8555,-69.59433,163,115,11888.42,11,4.94,-6,152
10/11/20 18:43,10/11/20 18:43,47.834,-69.5295,163,117,11864.34,12,4.82,-11,153
10/11/20 18:45,10/11/20 18:45,47.81183,-69.46517,161,116,11889.33,12,4.92,-7,154
10/11/20 18:47,10/11/20 18:47,47.78983,-69.401,161,117,11880.49,11,4.6,-9,155
10/11/20 18:49,10/11/20 18:49,47.76783,-69.3375,159,117,11879.28,11,4.78,-11,156
10/11/20 18:51,10/11/20 18:51,47.74567,-69.27417,159,116,11901.53,12,4.7,-10,157
10/11/20 18:53,10/11/20 18:53,47.72383,-69.20983,161,117,11866.47,12,4.88,-7,158
10/11/20 18:55,10/11/20 18:55,47.70133,-69.1455,163,118,11885.37,12,4.9,-2,159
10/11/20 18:57,10/11/20 18:57,47.67817,-69.08183,163,117,11922.56,12,4.56,-8,160
10/11/20 18:59,10/11/20 18:59,47.65583,-69.01683,163,116,11864.34,12,4.86,-8,161
10/11/20 19:01,10/11/20 19:01,47.634,-68.952,161,116,11886.29,12,4.78,-5,162
10/11/20 19:03,10/11/20 19:03,47.61283,-68.88767,161,115,11921.34,12,4.02,-3,163
10/11/20 19:05,10/11/20 19:05,47.59267,-68.82167,163,114,11902.44,12,4.7,-5,164
10/11/20 19:07,10/11/20 19:07,47.57267,-68.7565,159,114,11885.37,12,4.76,-11,165
10/11/20 19:09,10/11/20 19:09,47.55283,-68.69267,157,114,11896.34,12,4.82,-3,166
10/11/20 19:11,10/11/20 19:11,47.53283,-68.629,159,114,11915.55,12,4.36,-6,167
10/11/20 19:13,10/11/20 19:13,47.51317,-68.56417,161,114,11913.41,12,4.52,-9,168
10/11/20 19:15,10/11/20 19:15,47.49317,-68.49783,165,114,11908.54,12,4.22,0,169
10/11/20 19:17,10/11/20 19:17,47.473,-68.431,165,113,11912.5,12,4.22,-2,170
10/11/20 19:19,10/11/20 19:19,47.4525,-68.3635,167,114,11889.33,11,4.06,-1,171
10/11/20 19:21,10/11/20 19:21,47.4315,-68.29667,167,115,11917.38,10,4.84,0,172
10/11/20 19:23,10/11/20 19:23,47.41,-68.22983,167,115,11899.39,9,4.84,-6,173
10/11/20 19:25,10/11/20 19:25,47.38817,-68.16383,163,116,11879.28,10,4.22,-10,174
10/11/20 19:27,10/11/20 19:27,47.36633,-68.0995,161,117,11883.54,9,4.62,-7,175
10/11/20 19:29,10/11/20 19:29,47.34417,-68.03583,163,117,11900.31,9,4.56,-6,176
10/11/20 19:31,10/11/20 19:31,47.32183,-67.971,165,116,11907.32,9,4.6,-7,177
10/11/20 19:33,10/11/20 19:33,47.29967,-67.90517,165,116,11881.41,8,4.78,-2,178
10/11/20 19:35,10/11/20 19:35,47.27733,-67.8405,163,117,11872.57,9,3.42,2,179
10/11/20 19:37,10/11/20 19:37,47.25433,-67.7775,159,118,11872.57,9,4.74,-1,180
10/11/20 19:39,10/11/20 19:39,47.2315,-67.71617,156,119,11838.43,9,4.74,-2,181
10/11/20 19:41,10/11/20 19:41,47.2085,-67.65683,154,119,11853.37,9,4.6,-3,182
10/11/20 19:43,10/11/20 19:43,47.18517,-67.59817,154,120,11847.58,9,4.46,-8,183
10/11/20 19:45,10/11/20 19:45,47.16167,-67.53983,154,120,11852.45,9,3.46,-2,184
10/11/20 19:47,10/11/20 19:47,47.138,-67.48133,154,120,11868.3,10,4.08,-8,185
10/11/20 19:55,10/11/20 19:55,47.04717,-67.23833,159,118,11886.29,10,4.46,-6,4
10/11/20 19:57,10/11/20 19:57,47.0245,-67.17717,157,118,11887.5,10,4.68,-1,5
10/11/20 20:01,10/11/20 20:01,46.978,-67.05717,159,119,11917.38,11,3.28,-3,7
10/11/20 20:03,10/11/20 20:03,46.95417,-66.995,163,119,11896.34,11,4.18,-10,8
10/11/20 20:05,10/11/20 20:05,46.92983,-66.93317,161,120,11882.32,11,4.5,-11,9
10/11/20 20:07,10/11/20 20:07,46.906,-66.872,157,119,11872.57,11,3.28,-3,10
10/11/20 20:09,10/11/20 20:09,46.88283,-66.81217,156,119,11864.34,11,3.4,-8,11
10/13/20 10:10,10/13/20 10:10,55.12267,-15.747,126,156,12183.47,11,4.18,-13,2
10/13/20 10:12,10/13/20 10:12,55.08783,-15.72067,126,155,12209.37,12,4.02,-17,3
10/13/20 10:14,10/13/20 10:14,55.05267,-15.694,128,156,12224.31,12,4.02,-19,4
10/13/20 10:16,10/13/20 10:16,55.01733,-15.668,128,157,12217.3,11,3.52,-17,5
10/13/20 10:18,10/13/20 10:18,54.98167,-15.6425,128,158,12240.46,12,4.26,-18,6
10/13/20 10:20,10/13/20 10:20,54.94633,-15.619,124,158,12237.42,11,4.12,-13,7
10/13/20 10:22,10/13/20 10:22,54.91167,-15.59483,124,157,12236.5,11,4.06,-14,8
10/13/20 10:24,10/13/20 10:24,54.87683,-15.5705,124,157,12203.58,12,4.5,-16,9
10/13/20 10:26,10/13/20 10:26,54.84217,-15.54683,124,158,12210.59,12,4.62,-12,10
10/13/20 10:30,10/13/20 10:30,54.77233,-15.50067,126,158,12218.52,12,4.5,-18,12
10/13/20 10:32,10/13/20 10:32,54.73717,-15.47767,124,158,12214.56,12,4.18,-16,13
10/13/20 10:34,10/13/20 10:34,54.70233,-15.45383,126,158,12212.42,12,4.78,-10,14
10/13/20 10:36,10/13/20 10:36,54.667,-15.42933,126,157,12227.36,12,4.86,-8,15
10/13/20 10:40,10/13/20 10:40,54.59667,-15.3755,128,155,12242.6,12,4.54,-18,17
10/13/20 10:42,10/13/20 10:42,54.56133,-15.34833,128,157,12240.46,10,4.44,-18,18
10/13/20 10:50,10/13/20 10:50,54.41983,-15.24917,130,156,12257.53,9,4.58,-15,22
10/13/20 10:54,10/13/20 10:54,54.384,-15.222,131,155,12226.44,0,4.46,-22,
10/13/20 10:56,10/13/20 10:56,54.31217,-15.16617,131,155,12241.38,9,3.28,-5,25
10/13/20 10:58,10/13/20 10:58,54.27617,-15.13833,131,155,12240.46,10,4.64,-10,26
10/13/20 11:00,10/13/20 11:00,54.24,-15.11033,131,155,12245.34,10,4.72,-10,27
10/13/20 11:02,10/13/20 11:02,54.20383,-15.08283,133,156,12244.43,10,4.92,-14,28
10/13/20 11:04,10/13/20 11:04,54.16717,-15.05617,131,156,12233.45,10,4.36,-19,29
10/13/20 11:08,10/13/20 11:08,54.094,-15.00283,133,156,12238.33,10,4.88,-10,31
10/13/20 11:10,10/13/20 11:10,54.05717,-14.97633,133,157,12245.34,10,4.2,-12,32
10/13/20 11:12,10/13/20 11:12,54.02017,-14.95017,133,157,12244.43,10,4.34,-12,33
10/13/20 11:14,10/13/20 11:14,53.98317,-14.92383,133,157,12261.49,9,4.74,-10,34
10/13/20 11:16,10/13/20 11:16,53.94583,-14.8975,135,157,12235.59,10,4.92,-8,35
10/13/20 11:18,10/13/20 11:18,53.90817,-14.8715,135,157,12244.43,10,4.9,-9,36
10/13/20 11:20,10/13/20 11:20,53.87067,-14.84567,135,157,12246.56,10,4.9,-12,37
10/13/20 11:22,10/13/20 11:22,53.833,-14.81967,133,157,12254.48,11,4.14,-12,38
10/13/20 11:24,10/13/20 11:24,53.79517,-14.79433,135,158,12244.43,11,4.92,-16,39
10/13/20 11:26,10/13/20 11:26,53.7575,-14.768,135,157,12249.3,11,4.38,-10,40
10/13/20 11:28,10/13/20 11:28,53.71983,-14.74133,135,157,12251.44,11,4.92,-11,41
10/13/20 11:30,10/13/20 11:30,53.682,-14.71433,137,156,12242.6,11,4.4,-16,42
10/13/20 11:32,10/13/20 11:32,53.6445,-14.68667,137,156,12252.35,12,4.76,-15,43
10/13/20 11:36,10/13/20 11:36,53.56917,-14.6295,137,155,12253.57,12,4.92,-15,45
10/13/20 11:38,10/13/20 11:38,53.53167,-14.60083,137,155,12256.31,12,4.9,-12,46
10/13/20 11:40,10/13/20 11:40,53.49367,-14.57317,137,156,12243.51,12,4.84,-14,47
10/13/20 11:42,10/13/20 11:42,53.45583,-14.5455,137,156,12235.59,12,4.82,-14,48
10/13/20 11:44,10/13/20 11:44,53.41817,-14.51733,137,156,12251.44,12,4.28,-9,49
10/13/20 11:46,10/13/20 11:46,53.38033,-14.489,137,155,12242.6,12,4.16,-7,50
10/13/20 11:50,10/13/20 11:50,53.3045,-14.43283,139,156,12249.3,12,4.84,-9,52
10/13/20 11:56,10/13/20 11:56,53.18967,-14.35333,137,157,12250.52,12,4.94,-15,55
10/13/20 11:58,10/13/20 11:58,53.15117,-14.32717,137,157,12246.56,11,4.78,-9,56
10/13/20 12:00,10/13/20 12:00,53.113,-14.30083,137,157,12265.46,11,4.72,-9,57
10/13/20 12:44,10/13/20 12:44,52.24783,-13.78333,141,160,12285.57,8,4.88,-15,79
10/13/20 12:46,10/13/20 12:46,52.20783,-13.76033,141,160,12287.4,8,4.42,-5,80
10/13/20 12:48,10/13/20 12:48,52.168,-13.73717,141,160,12290.45,8,4.9,-19,81
10/13/20 12:50,10/13/20 12:50,52.12833,-13.71383,141,160,12295.33,9,4.68,-20,82
10/13/20 12:52,10/13/20 12:52,52.08883,-13.6905,141,160,12298.38,9,4.46,-12,83
10/13/20 12:54,10/13/20 12:54,52.04917,-13.6675,141,160,12290.45,9,4.62,-6,84
10/13/20 12:56,10/13/20 12:56,52.00933,-13.64517,141,161,12302.34,9,4.9,-6,85
10/13/20 12:58,10/13/20 12:58,51.96933,-13.62283,141,160,12300.51,9,4.94,-8,86
10/13/20 13:00,10/13/20 13:00,51.9295,-13.6005,141,161,12296.55,9,4.94,-11,87
10/13/20 13:14,10/13/20 13:14,51.6515,-13.43117,143,157,12311.48,8,4.92,-10,94
10/13/20 13:18,10/13/20 13:18,51.57167,-13.3785,143,157,12302.34,9,4.62,-14,96
10/13/20 13:20,10/13/20 13:20,51.53183,-13.352,144,157,12309.35,9,4.48,-9,97
10/13/20 13:22,10/13/20 13:22,51.49167,-13.32533,146,157,12323.37,10,4.9,-7,98
10/13/20 13:24,10/13/20 13:24,51.45133,-13.29867,144,157,12328.55,10,4.64,-5,99
10/13/20 13:26,10/13/20 13:26,51.411,-13.27317,144,158,12325.5,10,4.92,-12,100
10/13/20 13:28,10/13/20 13:28,51.3705,-13.24717,144,158,12321.54,9,4.86,-6,101
10/13/20 13:30,10/13/20 13:30,51.33,-13.22133,144,158,12329.46,9,4.88,-9,102
10/13/20 13:32,10/13/20 13:32,51.28933,-13.1955,144,158,12317.58,9,4.54,-6,103
10/13/20 13:34,10/13/20 13:34,51.24883,-13.16917,146,157,12320.32,9,4.7,-5,104
10/13/20 13:36,10/13/20 13:36,51.20833,-13.14267,144,157,12312.4,9,4.86,-5,105
10/13/20 13:38,10/13/20 13:38,51.16767,-13.11533,148,156,12304.47,9,4.64,-11,106
10/13/20 13:40,10/13/20 13:40,51.12683,-13.08783,146,157,12322.45,9,4.92,-5,107
10/13/20 13:42,10/13/20 13:42,51.08617,-13.061,146,157,12324.59,9,4.48,-1,108
10/13/20 13:44,10/13/20 13:44,51.04533,-13.0345,146,158,12326.42,9,4.96,-11,109
10/13/20 13:46,10/13/20 13:46,51.00433,-13.00883,146,158,12335.56,9,4.86,-9,110
10/13/20 13:48,10/13/20 13:48,50.9635,-12.98333,146,158,12340.44,8,4.72,-8,111
10/13/20 13:50,10/13/20 13:50,50.92267,-12.9585,144,159,12328.55,8,4.52,0,112
10/13/20 13:52,10/13/20 13:52,50.88167,-12.93383,146,159,12323.37,8,4.62,-4,113
10/13/20 13:54,10/13/20 13:54,50.84067,-12.909,146,159,12328.55,8,4.82,-18,114
10/13/20 13:56,10/13/20 13:56,50.79967,-12.88433,146,159,12330.38,8,4.9,-22,115
10/13/20 13:58,10/13/20 13:58,50.75883,-12.85983,144,159,12338.3,8,4.6,-13,116
10/13/20 14:00,10/13/20 14:00,50.71883,-12.8355,143,159,12325.5,8,4.96,-19,117
10/13/20 14:06,10/13/20 14:06,50.59583,-12.7595,148,158,12327.33,8,4.44,-8,120
10/13/20 14:08,10/13/20 14:08,50.5545,-12.73367,148,158,12330.38,9,4.86,-11,121
10/13/20 14:10,10/13/20 14:10,50.513,-12.70767,148,158,12324.59,9,4.5,-5,122
10/13/20 14:12,10/13/20 14:12,50.47133,-12.68117,150,157,12316.36,10,4.76,-13,123
10/13/20 14:14,10/13/20 14:16,50.42933,-12.65367,150,157,12328.55,0,4.78,-8,
10/13/20 14:18,10/13/20 14:18,50.34583,-12.59883,152,157,12328.55,10,4.92,-10,126
10/13/20 14:20,10/13/20 14:20,50.30383,-12.571,152,157,12327.33,10,4.76,-10,127
10/13/20 14:22,10/13/20 14:22,50.26183,-12.54317,152,157,12327.33,10,4.7,-10,128
10/13/20 14:26,10/13/20 14:26,50.17783,-12.48733,152,156,12329.46,10,4.86,-7,130
10/13/20 14:28,10/13/20 14:28,50.13567,-12.45883,152,156,12322.45,10,4.5,-14,131
10/13/20 14:30,10/13/20 14:30,50.0935,-12.42967,154,155,12322.45,10,4.88,-6,132
10/13/20 14:32,10/13/20 14:32,50.05117,-12.4,154,155,12329.46,10,4.12,-2,133
10/13/20 14:36,10/13/20 14:36,49.96717,-12.34067,156,154,12327.33,9,4.78,-11,135
10/13/20 14:38,10/13/20 14:38,49.92483,-12.31,156,154,12328.55,10,4.9,-8,136
10/13/20 14:40,10/13/20 14:40,49.88233,-12.279,157,154,12319.41,10,4.6,-9,137
10/13/20 14:42,10/13/20 14:42,49.83933,-12.2475,157,154,12312.4,9,4.22,-4,138
10/13/20 14:44,10/13/20 14:44,49.7965,-12.21633,157,154,12309.35,9,4.8,-9,139
10/13/20 14:46,10/13/20 14:46,49.75383,-12.18483,156,154,12310.57,8,4.68,-11,140
10/13/20 14:48,10/13/20 14:48,49.7115,-12.1535,156,154,12303.56,9,4.08,-4,141
10/13/20 14:50,10/13/20 14:50,49.669,-12.12267,156,154,12302.34,9,4.22,-6,142
10/13/20 14:52,10/13/20 14:52,49.6265,-12.09183,157,154,12307.52,9,4.72,-5,143
10/13/20 14:54,10/13/20 14:54,49.58367,-12.06117,157,155,12306.3,9,4.84,-6,144
10/13/20 14:56,10/13/20 14:56,49.54083,-12.03017,157,154,12296.55,9,3.64,-1,145
10/13/20 14:58,10/13/20 14:58,49.498,-11.9985,157,154,12299.59,9,4.52,-7,146
10/13/20 15:00,10/13/20 15:00,49.45517,-11.96633,159,153,12298.38,9,3.42,1,147
10/13/20 15:02,10/13/20 15:02,49.41217,-11.9335,159,153,12291.36,9,4.42,-4,148
10/13/20 15:04,10/13/20 15:04,49.36967,-11.90083,157,153,12294.41,9,4.66,-8,149
10/13/20 15:08,10/13/20 15:08,49.2855,-11.83533,157,153,12280.39,9,3.62,-6,151
10/13/20 15:10,10/13/20 15:10,49.24333,-11.80267,157,153,12291.36,9,3.28,4,152
10/13/20 15:56,10/13/20 15:56,48.25217,-11.07117,163,154,12249.3,9,4.08,-11,4
10/13/20 16:37,10/13/20 16:37,47.3345,-10.385,165,153,12256.31,7,3.4,-7,2
10/13/20 16:39,10/13/20 16:39,47.29017,-10.35267,165,153,12241.38,8,4.12,-4,3
10/14/20 6:49,10/14/20 6:49,37.859,7.546,133,94,12290.45,10,3.84,-14,2
10/14/20 7:03,10/14/20 7:03,37.83833,7.90367,133,93,12289.54,12,3.78,-11,4
10/14/20 7:05,10/14/20 7:05,37.83617,7.954,131,92,12310.57,10,3.28,-9,5
10/14/20 7:15,10/14/20 7:15,37.831,8.19783,130,89,12300.51,10,3.88,-7,4
10/14/20 7:17,10/14/20 7:17,37.83133,8.247,130,89,12306.3,9,4.52,-10,5
10/14/20 7:19,10/14/20 7:19,37.83183,8.2965,130,89,12298.38,11,4.58,-15,6
10/14/20 7:28,10/14/20 7:28,37.8345,8.518,128,89,12303.56,11,4.78,-7,4
10/14/20 7:30,10/14/20 7:30,37.83517,8.56667,128,88,12306.3,11,4.84,-8,5
10/14/20 7:32,10/14/20 7:32,37.836,8.61533,128,88,12292.58,11,3.46,-13,6
10/14/20 7:34,10/14/20 7:34,37.83717,8.66383,128,88,12305.39,11,3.58,-8,7
10/14/20 7:38,10/14/20 7:40,37.83933,8.7615,130,88,12304.47,0,3.38,-11,
10/14/20 7:42,10/14/20 7:42,37.84117,8.85983,130,88,12297.46,10,4.86,-13,11
10/14/20 7:44,10/14/20 7:44,37.84233,8.909,130,88,12301.42,9,4.34,-9,12
10/14/20 7:46,10/14/20 7:46,37.84333,8.9585,130,88,12299.59,10,4.16,-10,13
10/14/20 7:50,10/14/20 7:50,37.845,9.05783,130,88,12300.51,10,4.52,-12,15
10/14/20 7:52,10/14/20 7:52,37.84567,9.10767,131,88,12298.38,10,4.74,-14,16
10/14/20 7:54,10/14/20 7:54,37.84667,9.158,131,88,12297.46,10,4.88,-6,17
10/14/20 7:56,10/14/20 7:56,37.84733,9.20817,131,89,12299.59,10,4.32,-8,18
10/14/20 7:58,10/14/20 7:58,37.848,9.25817,131,89,12291.36,10,4.88,-9,19
10/14/20 8:00,10/14/20 8:00,37.84833,9.30783,130,89,12294.41,10,4.74,-15,20
10/14/20 8:02,10/14/20 8:02,37.84867,9.35767,131,89,12298.38,10,4.66,-12,21
10/14/20 8:04,10/14/20 8:04,37.849,9.40767,131,89,12287.4,10,4.86,-13,22
10/14/20 8:06,10/14/20 8:06,37.84933,9.45733,131,89,12289.54,10,4.94,-9,23
10/14/20 8:08,10/14/20 8:08,37.85017,9.50717,131,88,12295.33,10,4.44,-13,24
10/14/20 8:10,10/14/20 8:10,37.851,9.55733,131,88,12290.45,10,4.52,-8,25
10/14/20 8:12,10/14/20 8:12,37.85183,9.60783,133,88,12300.51,10,4.66,-12,26
10/14/20 8:16,10/14/20 8:16,37.8545,9.70967,133,87,12289.54,10,4.88,-19,28
10/14/20 8:18,10/14/20 8:18,37.85617,9.76017,131,87,12276.43,10,4.48,-15,29
10/14/20 8:26,10/14/20 8:26,37.86167,9.9605,131,88,12286.49,10,4.86,-12,33
10/14/20 8:28,10/14/20 8:28,37.863,10.01017,131,88,12295.33,10,4.56,-12,34
10/14/20 8:32,10/14/20 8:34,37.865,10.11083,131,89,12295.33,0,4.82,-6,
10/14/20 8:40,10/14/20 8:40,37.86667,10.31133,131,88,12303.56,10,4.78,-15,40
10/14/20 8:42,10/14/20 8:42,37.868,10.361,131,87,12302.34,10,4.94,-13,41
10/14/20 8:46,10/14/20 8:46,37.871,10.46167,131,87,12317.58,10,4.98,-15,43
10/14/20 8:48,10/14/20 8:48,37.87217,10.51183,131,88,12303.56,10,4.9,-14,44
10/14/20 8:50,10/14/20 8:50,37.87283,10.562,131,88,12308.43,9,4.68,-7,45
10/14/20 8:52,10/14/20 8:52,37.87383,10.6115,130,88,12309.35,10,4.9,-14,46
10/14/20 8:54,10/14/20 8:54,37.87517,10.66033,128,87,12318.49,10,4.86,-26,47
10/14/20 8:56,10/14/20 8:56,37.877,10.70883,128,86,12309.35,11,4.74,-16,48
10/14/20 8:58,10/14/20 8:58,37.87933,10.757,126,86,12314.53,12,4.92,-15,49
10/14/20 9:00,10/14/20 9:00,37.88217,10.805,126,85,12303.56,12,4.7,-9,50
10/14/20 9:02,10/14/20 9:02,37.88517,10.85267,126,85,12297.46,12,4.86,-16,51
10/14/20 9:04,10/14/20 9:04,37.888,10.90033,126,85,12324.59,12,5,-15,52
10/14/20 9:06,10/14/20 9:06,37.8905,10.94817,126,86,12296.55,12,4.92,-12,53
10/14/20 9:08,10/14/20 9:08,37.893,10.99583,124,85,12295.33,12,4.94,-15,54
10/14/20 9:10,10/14/20 9:10,37.89633,11.04233,122,84,12306.3,12,4.88,-17,55
10/14/20 9:12,10/14/20 9:12,37.89967,11.08833,120,84,12301.42,12,4.9,-13,56
10/14/20 9:14,10/14/20 9:14,37.90333,11.134,120,84,12319.41,11,4.86,-14,57
10/14/20 9:16,10/14/20 9:16,37.9065,11.1805,124,85,12307.52,12,4.86,-15,58
10/14/20 9:18,10/14/20 9:18,37.9095,11.22767,124,85,12301.42,12,4.96,-15,59
10/14/20 9:20,10/14/20 9:20,37.9125,11.27483,124,85,12302.34,11,4.88,-18,60
10/14/20 9:22,10/14/20 9:22,37.916,11.32167,124,84,12315.44,11,4.86,-15,61
10/14/20 9:24,10/14/20 9:24,37.91983,11.3685,124,83,12303.56,11,4.72,-12,62
10/14/20 9:26,10/14/20 9:26,37.924,11.41533,124,83,12311.48,11,4.78,-15,63
10/14/20 9:28,10/14/20 9:28,37.928,11.46233,124,83,12302.34,11,4.9,-13,64
10/14/20 9:30,10/14/20 9:30,37.93183,11.50883,122,84,12292.58,11,4.88,-13,65
10/14/20 9:32,10/14/20 9:32,37.93567,11.55483,120,83,12308.43,11,4.82,-16,66
10/14/20 9:34,10/14/20 9:34,37.9395,11.60067,122,84,12306.3,10,4.92,-18,67
10/14/20 9:36,10/14/20 9:36,37.94283,11.64667,122,84,12309.35,11,4.86,-11,68
10/14/20 9:38,10/14/20 9:38,37.946,11.69283,122,85,12308.43,11,5,-9,69
10/14/20 9:40,10/14/20 9:40,37.94917,11.739,120,84,12316.36,11,4.76,-9,70
10/14/20 9:42,10/14/20 9:42,37.95233,11.78467,120,84,12303.56,11,4.88,-5,71
10/14/20 9:44,10/14/20 9:44,37.95567,11.83017,120,85,12315.44,11,4.88,-11,72
10/14/20 9:46,10/14/20 9:46,37.95883,11.8755,120,84,12316.36,12,4.8,-15,73
10/14/20 9:48,10/14/20 9:48,37.9625,11.92067,119,83,12313.31,12,4.78,-16,74
10/14/20 9:50,10/14/20 9:50,37.96667,11.96533,117,82,12309.35,12,4.86,-16,75
10/14/20 9:52,10/14/20 9:52,37.97133,12.00933,115,81,12321.54,12,4.76,-16,76
10/14/20 9:54,10/14/20 9:54,37.97633,12.05283,115,81,12319.41,12,4.9,-13,77
10/14/20 9:56,10/14/20 9:56,37.98183,12.09617,115,80,12314.53,12,4.82,-7,78
10/14/20 9:58,10/14/20 9:58,37.98733,12.1395,115,80,12313.31,11,4.92,-11,79
10/14/20 10:00,10/14/20 10:00,37.993,12.18267,113,80,12304.47,12,4.92,-17,80
10/14/20 10:04,10/14/20 10:04,38.00417,12.26817,113,80,12321.54,12,4.84,-18,82
10/14/20 10:06,10/14/20 10:06,38.00967,12.31083,113,80,12321.54,12,4.88,-15,83
10/14/20 10:08,10/14/20 10:08,38.01533,12.35383,115,80,12326.42,12,4.88,-15,84
10/14/20 10:10,10/14/20 10:10,38.02117,12.39683,115,80,12320.32,11,4.96,-19,85
10/14/20 10:12,10/14/20 10:12,38.02717,12.44,113,80,12297.46,12,4.76,-17,86
10/14/20 10:14,10/14/20 10:14,38.03317,12.4825,111,79,12303.56,11,4.76,-12,87
10/14/20 10:16,10/14/20 10:16,38.03967,12.52417,111,78,12322.45,11,4.82,-16,88
10/14/20 10:18,10/14/20 10:18,38.04633,12.566,111,78,12313.31,11,4.76,-16,89
10/14/20 10:20,10/14/20 10:20,38.05333,12.60783,113,77,12319.41,11,4.86,-13,90
10/14/20 10:22,10/14/20 10:22,38.06083,12.65033,115,77,12320.32,11,4.82,-19,91
10/14/20 10:24,10/14/20 10:24,38.068,12.69333,117,78,12320.32,11,4.86,-17,92
10/14/20 10:26,10/14/20 10:26,38.075,12.737,119,79,12323.37,9,4.9,-16,93
10/14/20 10:28,10/14/20 10:28,38.0815,12.78133,119,79,12322.45,10,4.88,-10,94
10/14/20 10:30,10/14/20 10:30,38.0885,12.82633,120,78,12301.42,10,4.9,-10,95
10/14/20 10:32,10/14/20 10:32,38.09567,12.87133,119,78,12276.43,10,4.8,-9,96
10/14/20 10:34,10/14/20 10:34,38.10283,12.91533,117,78,12304.47,10,4.8,-17,97
10/14/20 10:36,10/14/20 10:36,38.10933,12.95867,117,79,12338.3,10,4.96,-15,98
10/14/20 10:38,10/14/20 10:38,38.1155,13.00233,115,80,12311.48,10,4.94,-19,99
10/14/20 10:40,10/14/20 10:40,38.12167,13.04583,117,79,12315.44,10,4.88,-17,100
10/14/20 10:42,10/14/20 10:42,38.12783,13.08983,117,80,12339.52,11,4.98,-16,101
10/14/20 10:44,10/14/20 10:44,38.13367,13.13467,120,80,12324.59,11,4.9,-15,102
10/14/20 10:46,10/14/20 10:46,38.1395,13.18067,122,80,12323.37,10,4.9,-18,103
10/14/20 10:48,10/14/20 10:48,38.14533,13.22733,124,80,12304.47,11,4.82,-14,104
10/14/20 10:50,10/14/20 10:50,38.15133,13.27383,122,79,12251.44,11,4.74,-13,105
10/14/20 10:52,10/14/20 10:52,38.15817,13.31967,120,78,12257.53,11,4.82,-13,106
10/14/20 10:54,10/14/20 10:54,38.1655,13.36433,119,78,12348.36,11,4.92,-15,107
10/14/20 10:56,10/14/20 10:56,38.17267,13.40867,119,78,12285.57,10,4.82,-19,108
10/14/20 10:58,10/14/20 10:58,38.18,13.45333,120,78,12306.3,11,4.74,-15,109
10/14/20 11:00,10/14/20 11:00,38.1875,13.4985,120,78,12350.5,11,5,-20,110
10/14/20 11:02,10/14/20 11:02,38.19467,13.54467,124,78,12283.44,10,4.88,-19,111
10/14/20 11:04,10/14/20 11:04,38.2025,13.5915,126,77,12283.44,11,4.94,-14,112
10/14/20 11:06,10/14/20 11:06,38.21083,13.638,124,77,12301.42,11,4.84,-14,113
10/14/20 11:08,10/14/20 11:08,38.21917,13.68417,122,77,12331.6,11,4.94,-17,114
10/14/20 11:10,10/14/20 11:10,38.22717,13.72967,122,77,12316.36,11,4.92,-18,115
10/14/20 11:12,10/14/20 11:12,38.23533,13.77533,122,76,12288.32,11,4.78,-20,116
10/14/20 11:14,10/14/20 11:14,38.24417,13.82083,122,75,12251.44,11,4.9,-13,117
10/14/20 11:16,10/14/20 11:16,38.25333,13.86567,120,75,12288.32,11,4.84,-17,118
10/14/20 11:18,10/14/20 11:18,38.26233,13.91033,120,76,12321.54,11,5,-16,119
10/14/20 11:20,10/14/20 11:20,38.27083,13.95533,122,76,12307.52,10,4.84,-19,120
10/14/20 11:22,10/14/20 11:22,38.27917,14.00083,122,76,12319.41,10,4.9,-13,121
10/14/20 11:24,10/14/20 11:24,38.28767,14.04583,120,76,12306.3,10,4.8,-18,122
10/14/20 11:26,10/14/20 11:26,38.29633,14.09033,119,75,12314.53,9,4.82,-15,123
10/14/20 11:28,10/14/20 11:28,38.30517,14.1345,119,75,12317.58,10,4.78,-19,124
10/14/20 11:30,10/14/20 11:30,38.31417,14.178,117,74,12302.34,9,4.84,-8,125
10/14/20 11:32,10/14/20 11:32,38.3235,14.22117,117,74,12265.46,9,4.84,-15,126
10/14/20 11:34,10/14/20 11:34,38.33333,14.26483,119,73,12287.4,10,4.78,-13,127
10/14/20 11:36,10/14/20 11:36,38.34317,14.309,120,74,12323.37,9,4.94,-12,128
10/14/20 11:38,10/14/20 11:38,38.3525,14.354,122,75,12288.32,10,4.94,-20,129
10/14/20 11:40,10/14/20 11:40,38.36167,14.3995,122,75,12312.4,10,4.88,-17,130
10/14/20 11:42,10/14/20 11:42,38.37117,14.44433,120,74,12309.35,10,4.9,-16,131
10/14/20 11:44,10/14/20 11:44,38.381,14.489,120,74,12290.45,9,4.82,-13,132
10/14/20 11:46,10/14/20 11:46,38.39117,14.53383,120,73,12325.5,10,5,-14,133
10/14/20 11:48,10/14/20 11:48,38.40133,14.5785,120,74,12315.44,10,4.98,-21,134
10/14/20 11:50,10/14/20 11:50,38.411,14.623,120,74,12288.32,10,4.8,-18,135
10/14/20 11:52,10/14/20 11:52,38.42133,14.66767,122,73,12297.46,10,4.78,-18,136
10/14/20 11:54,10/14/20 11:54,38.43217,14.71233,122,72,12331.6,10,4.84,-15,137
10/14/20 11:56,10/14/20 11:56,38.44267,14.75683,120,73,12307.52,10,4.9,-18,138
10/14/20 11:58,10/14/20 11:58,38.45333,14.80133,122,72,12301.42,10,4.78,-13,139
10/14/20 12:00,10/14/20 12:00,38.4645,14.84617,122,71,12308.43,10,4.86,-12,140
10/14/20 12:02,10/14/20 12:02,38.47583,14.891,122,72,12321.54,10,4.88,-15,141
10/14/20 12:04,10/14/20 12:04,38.48683,14.936,122,72,12294.41,10,4.78,-19,142
10/14/20 12:06,10/14/20 12:06,38.49817,14.98117,124,72,12277.34,9,4.88,-17,143
10/14/20 12:08,10/14/20 12:10,38.5095,15.027,124,72,12324.59,0,4.84,-11,
10/14/20 12:12,10/14/20 12:12,38.53183,15.11733,124,72,12281.31,9,4.8,-15,146
10/14/20 12:14,10/14/20 12:14,38.54333,15.16233,122,71,12313.31,9,4.74,-11,147
10/14/20 12:16,10/14/20 12:16,38.55517,15.207,122,71,12292.58,9,4.86,-12,148
10/14/20 12:18,10/14/20 12:18,38.56733,15.2515,122,70,12323.37,9,4.98,-12,149
10/14/20 12:20,10/14/20 12:20,38.57933,15.29633,122,71,12317.58,9,4.96,-17,150
10/14/20 12:22,10/14/20 12:22,38.59067,15.3415,124,72,12304.47,9,4.88,-15,151
10/14/20 12:24,10/14/20 12:24,38.602,15.38683,124,72,12307.52,9,4.84,-17,152
10/14/20 12:26,10/14/20 12:26,38.61367,15.4325,124,71,12292.58,9,4.84,-17,153
10/14/20 12:28,10/14/20 12:28,38.62567,15.4785,126,71,12306.3,10,4.76,-14,154
10/14/20 12:30,10/14/20 12:30,38.63783,15.524,124,71,12307.52,10,4.9,-11,155
10/14/20 12:32,10/14/20 12:32,38.65017,15.56883,124,69,12294.41,11,4.92,-9,156
10/14/20 12:34,10/14/20 12:34,38.6635,15.61317,122,68,12306.3,11,4.78,-15,157
10/14/20 12:36,10/14/20 12:36,38.67717,15.65733,124,68,12296.55,11,4.8,-19,158
10/14/20 12:38,10/14/20 12:38,38.691,15.7015,124,67,12297.46,10,4.86,-13,159
10/14/20 12:40,10/14/20 12:40,38.705,15.746,124,68,12317.58,11,5,-13,160
10/14/20 12:42,10/14/20 12:42,38.71833,15.7905,124,69,12287.4,11,4.78,-15,161
10/14/20 12:44,10/14/20 12:44,38.732,15.8355,128,68,12275.52,12,4.94,-11,162
10/14/20 12:46,10/14/20 12:46,38.74583,15.88083,126,68,12313.31,12,4.92,-13,163
10/14/20 12:48,10/14/20 12:48,38.75967,15.92583,124,69,12308.43,12,4.78,-11,164
10/14/20 12:50,10/14/20 12:50,38.77283,15.9705,124,69,12300.51,12,4.86,-9,165
10/14/20 12:52,10/14/20 12:52,38.78633,16.01533,126,68,12294.41,12,4.9,-15,166
10/14/20 12:54,10/14/20 12:54,38.80067,16.06033,126,67,12300.51,12,4.92,-15,167
10/14/20 12:56,10/14/20 12:56,38.81517,16.10517,126,67,12282.53,12,4.6,-11,168
10/14/20 12:58,10/14/20 12:58,38.8295,16.15067,128,68,12300.51,12,4.68,-8,169
10/14/20 13:00,10/14/20 13:00,38.843,16.19667,128,69,12294.41,11,4.68,-13,170
10/14/20 13:02,10/14/20 13:02,38.85617,16.24317,130,70,12312.4,12,4.76,-11,171
10/14/20 13:04,10/14/20 13:04,38.8685,16.28983,126,71,12294.41,12,4.84,-12,172
10/14/20 13:06,10/14/20 13:06,38.88067,16.33617,126,71,12285.57,11,4.76,-17,173
10/14/20 13:08,10/14/20 13:08,38.893,16.3825,126,71,12291.36,11,4.84,-10,174
10/14/20 13:10,10/14/20 13:10,38.90517,16.42883,126,71,12297.46,11,4.9,-9,175
10/14/20 13:12,10/14/20 13:12,38.917,16.47533,128,71,12290.45,11,4.76,-14,176
10/14/20 13:14,10/14/20 13:14,38.92917,16.5225,130,71,12296.55,11,4.82,-16,177
10/14/20 13:16,10/14/20 13:16,38.941,16.57033,130,72,12304.47,11,4.68,-12,178
10/14/20 13:18,10/14/20 13:18,38.9525,16.61817,130,72,12288.32,10,4.9,-10,179
10/14/20 13:20,10/14/20 13:20,38.96433,16.66633,131,71,12302.34,11,4.74,-12,180
10/14/20 13:22,10/14/20 13:22,38.97667,16.714,128,71,12307.52,11,4.88,-13,181
10/14/20 13:24,10/14/20 13:24,38.9895,16.76033,128,70,12293.5,10,4.74,-10,182
10/14/20 13:26,10/14/20 13:26,39.00283,16.80733,131,69,12291.36,10,4.58,-11,183
10/14/20 13:28,10/14/20 13:28,39.01683,16.85533,133,69,12292.58,10,4.9,-11,184
10/14/20 13:30,10/14/20 13:30,39.03083,16.90433,137,69,12264.54,9,4.38,-6,185
10/14/20 13:32,10/14/20 13:32,39.04517,16.954,137,69,12297.46,9,4.8,-7,186
10/14/20 13:34,10/14/20 13:34,39.05917,17.003,133,70,12286.49,8,4.68,-7,187
10/14/20 13:36,10/14/20 13:36,39.0725,17.05133,131,70,12268.5,8,4.88,-7,188
10/14/20 13:38,10/14/20 13:38,39.08567,17.0995,131,70,12282.53,9,4.46,-9,189
10/14/20 13:40,10/14/20 13:40,39.099,17.14783,133,70,12297.46,9,4.66,-16,190
10/14/20 13:44,10/14/20 13:44,39.12717,17.2445,133,68,12287.4,8,4.9,-9,192
10/14/20 13:46,10/14/20 13:46,39.14167,17.293,133,69,12267.59,8,4.8,-13,193
10/14/20 13:48,10/14/20 13:48,39.15583,17.34133,133,69,12271.55,8,4.48,-17,194
10/14/20 13:50,10/14/20 13:50,39.1695,17.38967,131,70,12282.53,8,4.22,-14,195
10/14/20 13:52,10/14/20 13:52,39.18283,17.43767,130,70,12289.54,8,4.86,-6,196
10/14/20 13:54,10/14/20 13:54,39.19533,17.4855,130,71,12292.58,8,4.5,-11,197
10/14/20 13:58,10/14/20 13:58,39.22117,17.583,137,70,12260.58,9,4.1,-6,199
10/14/20 14:00,10/14/20 14:00,39.235,17.63333,137,71,12302.34,9,4.66,-11,200
10/14/20 14:02,10/14/20 14:02,39.24817,17.68383,137,71,12260.58,9,4.3,-10,201
10/14/20 14:04,10/14/20 14:04,39.26083,17.7345,135,72,12290.45,9,3.32,-8,202
10/14/20 14:06,10/14/20 14:06,39.27283,17.78467,133,72,12281.31,9,3.4,-11,203
10/14/20 14:13,10/14/20 14:13,39.309,17.91767,133,69,12270.33,0,4.64,-7,
10/14/20 14:15,10/14/20 14:15,39.33717,18.015,133,69,12274.3,8,4.04,-8,5
10/14/20 14:52,10/14/20 14:52,39.5795,18.90417,133,67,12312.4,4,3.74,-6,2
10/15/20 5:46,10/15/20 5:46,47.44617,36.0005,111,47,12157.56,11,3.7,-10,2
10/15/20 5:48,10/15/20 5:48,47.4695,36.03683,113,46,12134.39,12,4.66,-7,3
10/15/20 5:50,10/15/20 5:50,47.493,36.07267,111,45,12126.47,12,3.84,-9,4
10/15/20 5:52,10/15/20 5:52,47.51667,36.108,111,45,12131.34,11,4.06,-11,5
10/15/20 5:54,10/15/20 5:54,47.54,36.14333,111,45,12147.5,11,4.7,-11,6
10/15/20 5:56,10/15/20 5:56,47.56383,36.17817,111,44,12133.48,11,4.34,-10,7
10/15/20 6:17,10/15/20 6:17,47.809,36.54317,111,46,12141.4,11,3.8,-10,4
10/15/20 6:24,10/15/20 6:24,47.8975,36.68633,117,47,12123.42,11,4.26,-11,4
10/15/20 6:26,10/15/20 6:26,47.92117,36.724,115,46,12156.34,11,3.68,-10,5
10/15/20 6:28,10/15/20 6:28,47.94483,36.7615,115,47,12139.57,11,4.82,-8,6
10/15/20 6:30,10/15/20 6:30,47.96833,36.7995,115,47,12171.58,10,4.76,-12,7
10/15/20 6:32,10/15/20 6:32,47.99233,36.838,117,47,12137.44,11,3.92,-7,8
10/15/20 6:34,10/15/20 6:34,48.01617,36.87633,115,47,12149.33,12,4.76,-12,9
10/15/20 6:36,10/15/20 6:36,48.03967,36.91367,113,45,12151.46,11,4.62,-11,10
10/15/20 6:38,10/15/20 6:38,48.0635,36.9495,113,45,12163.35,11,4.7,-14,11
10/15/20 6:40,10/15/20 6:40,48.08733,36.986,113,45,12149.33,11,4.78,-9,12
10/15/20 6:42,10/15/20 6:42,48.11133,37.02233,113,44,12173.41,11,4.64,-7,13
10/15/20 6:44,10/15/20 6:44,48.13617,37.0585,117,43,12165.48,12,4.88,-9,14
10/15/20 6:46,10/15/20 6:46,48.16133,37.09533,117,45,12145.37,12,3.9,-5,15
10/15/20 6:48,10/15/20 6:48,48.18583,37.13217,115,45,12154.51,12,4.32,-6,16
10/15/20 6:50,10/15/20 6:50,48.20967,37.1685,113,45,12161.52,11,4.34,-5,17
10/15/20 6:52,10/15/20 6:52,48.23333,37.20517,115,45,12177.37,11,4.68,-11,18
10/15/20 6:54,10/15/20 6:54,48.2575,37.24217,113,45,12154.51,11,4.36,-13,19
10/15/20 6:56,10/15/20 6:56,48.28183,37.278,113,44,12162.43,11,4.54,-7,20
10/15/20 7:00,10/15/20 7:00,48.33067,37.34817,111,43,12159.39,11,4.02,-4,22
10/15/20 7:02,10/15/20 7:02,48.35517,37.38283,113,43,12164.57,12,4.34,-5,23
10/15/20 7:04,10/15/20 7:04,48.3795,37.41783,111,43,12168.53,11,4.44,-10,24
10/15/20 7:08,10/15/20 7:08,48.4285,37.4875,113,43,12156.34,11,4.5,-9,26
10/15/20 7:10,10/15/20 7:10,48.45317,37.52283,113,43,12185.29,11,4.84,-8,27
10/15/20 7:14,10/15/20 7:14,48.5025,37.5925,111,43,12178.59,11,4.64,-9,29
10/15/20 7:16,10/15/20 7:16,48.527,37.6275,111,43,12169.44,12,4.16,-8,30
10/15/20 7:20,10/15/20 7:20,48.57567,37.696,109,42,12178.59,12,4.84,0,32
10/15/20 7:22,10/15/20 7:22,48.60017,37.72933,109,42,12171.58,12,4.46,-7,33
10/15/20 7:24,10/15/20 7:24,48.62467,37.7625,109,41,12167.31,12,4.72,-9,34
10/15/20 7:26,10/15/20 7:26,48.64933,37.7955,109,41,12185.29,12,4.8,-16,35
10/15/20 7:28,10/15/20 7:28,48.67417,37.82933,113,42,12177.37,12,4.36,-7,36
10/15/20 7:30,10/15/20 7:30,48.69933,37.86467,115,43,12173.41,12,4.1,-4,37
10/15/20 7:34,10/15/20 7:34,48.749,37.93483,111,42,12176.46,12,4.58,-3,39
10/15/20 7:36,10/15/20 7:36,48.77367,37.96967,113,42,12164.57,11,4.86,-6,40
10/15/20 7:40,10/15/20 7:40,48.82317,38.03817,109,42,12179.5,12,4.86,-7,42
10/15/20 7:44,10/15/20 7:44,48.87233,38.10483,107,41,12172.49,12,4.6,-11,44
10/15/20 7:48,10/15/20 7:48,48.92133,38.1695,107,41,12184.38,12,4.74,-11,46
10/15/20 7:50,10/15/20 7:50,48.94567,38.2025,109,41,12179.5,12,4.74,-11,47
10/15/20 7:52,10/15/20 7:52,48.97017,38.235,107,41,12187.43,12,4.34,-8,48
10/15/20 7:54,10/15/20 7:54,48.99433,38.26733,106,41,12186.51,12,4.7,-12,49
10/15/20 8:00,10/15/20 8:00,49.0665,38.36433,107,41,12195.35,12,4.92,-8,52
10/15/20 8:02,10/15/20 8:02,49.091,38.39767,109,42,12195.35,12,4.46,-7,53
10/15/20 8:04,10/15/20 8:04,49.1155,38.43117,109,41,12191.39,12,4.68,-18,54
10/15/20 8:06,10/15/20 8:06,49.13983,38.4635,107,40,12192.3,12,4.78,-10,55
10/15/20 8:08,10/15/20 8:08,49.164,38.49567,107,41,12205.41,12,4.64,-10,56
10/15/20 8:10,10/15/20 8:10,49.1885,38.528,107,40,12201.45,12,4.88,-12,57
10/15/20 8:12,10/15/20 8:12,49.213,38.5605,107,41,12174.32,12,4.48,-6,58
10/15/20 8:18,10/15/20 8:22,49.262,38.6255,109,40,12193.52,0,4.6,-10,
10/17/20 23:23,10/17/20 23:23,37.434,120.731,159,93,12107.57,9,3.28,-8,2
10/17/20 23:25,10/17/20 23:25,37.431,120.79133,159,93,12101.47,10,3.58,-9,3
10/17/20 23:48,10/17/20 23:48,37.3895,121.48617,157,94,12114.58,9,4.62,-3,4
10/17/20 23:50,10/17/20 23:50,37.3855,121.54533,157,94,12132.56,9,3.3,-1,5
10/18/20 0:04,10/18/20 0:04,37.35333,121.96233,154,94,12116.41,9,4.48,-9,6
10/18/20 0:09,10/18/20 0:09,37.3455,122.07817,154,94,12140.49,9,4.4,-10,8
10/18/20 0:11,10/18/20 0:11,37.342,122.13617,154,94,12130.43,9,4.52,-14,9
10/18/20 0:16,10/18/20 0:16,37.33083,122.30967,152,94,12142.32,9,4.6,-6,12
10/18/20 0:18,10/18/20 0:18,37.327,122.36683,152,94,12139.57,9,3.68,-4,13
10/18/20 0:20,10/18/20 0:20,37.32317,122.42417,154,94,12135.31,9,4.76,-10,14
10/18/20 0:22,10/18/20 0:22,37.3195,122.48183,154,94,12144.45,9,4.16,-6,15
10/18/20 0:26,10/18/20 0:26,37.312,122.59567,150,94,12129.52,9,4.48,-10,17
10/18/20 0:28,10/18/20 0:28,37.30833,122.653,154,94,12138.36,9,4.8,-6,18
10/18/20 0:30,10/18/20 0:30,37.30467,122.71067,152,94,12159.39,9,4.58,-7,19
10/18/20 0:32,10/18/20 0:32,37.30117,122.767,150,94,12126.47,8,4.82,-10,20
10/18/20 0:34,10/18/20 0:34,37.2975,122.8235,150,94,12139.57,9,4.58,-12,21
10/18/20 0:36,10/18/20 0:36,37.29383,122.87967,148,94,12147.5,9,4.44,-3,22
10/18/20 0:38,10/18/20 0:38,37.29033,122.936,150,94,12120.37,9,4.5,-5,23
10/18/20 0:40,10/18/20 0:40,37.28667,122.9925,150,94,12109.4,9,4.84,-8,24
10/18/20 0:45,10/18/20 0:45,37.27967,123.105,146,94,12119.46,8,4.7,-10,26
10/18/20 6:03,10/18/20 6:03,38.69033,131.66217,159,68,12083.49,9,4.42,-9,185
10/18/20 6:04,10/18/20 6:04,38.70817,131.71883,159,68,12087.45,8,4.62,-7,186
10/18/20 6:27,10/18/20 6:27,38.91033,132.3475,163,67,12074.35,10,3.92,-6,197
10/18/20 6:28,10/18/20 6:28,38.9295,132.40617,165,66,12084.41,10,3.84,-2,198
10/18/20 6:31,10/18/20 6:31,38.94917,132.4645,165,66,12087.45,10,4.74,-7,199
10/20/20 15:15,10/20/20 15:15,46.44867,-109.32717,165,120,12048.44,9,3.84,-12,2
10/20/20 15:17,10/20/20 15:17,46.42267,-109.26533,169,122,12031.37,9,3.82,-8,3
10/20/20 15:54,10/20/20 15:54,45.96433,-108.09067,165,115,11993.58,11,4.04,-1,4
10/20/20 15:56,10/20/20 15:56,45.94233,-108.02633,167,116,11986.56,11,3.84,-7,5
10/20/20 16:15,10/20/20 16:15,45.77283,-107.43683,163,112,12024.36,11,4.46,-6,4
10/20/20 16:17,10/20/20 16:17,45.7535,-107.37233,163,113,12015.52,10,4.24,-5,5
10/20/20 16:19,10/20/20 16:19,45.73333,-107.30817,165,114,12013.39,10,4.48,-1,6
10/20/20 16:21,10/20/20 16:21,45.71283,-107.244,163,114,12019.48,10,3.9,-8,7
10/20/20 16:23,10/20/20 16:23,45.69233,-107.18,165,114,12017.35,10,3.26,1,8
10/20/20 16:25,10/20/20 16:25,45.672,-107.1155,163,114,12022.53,10,4.74,-4,9
10/20/20 16:27,10/20/20 16:27,45.65183,-107.052,161,114,12000.59,10,4.52,-9,10
10/20/20 16:29,10/20/20 16:29,45.63233,-106.98917,157,113,12032.28,10,4.14,-4,11
10/20/20 16:31,10/20/20 16:31,45.61283,-106.927,159,114,12044.48,10,4.82,-6,12
10/20/20 16:33,10/20/20 16:33,45.592,-106.864,165,115,11978.34,10,4.3,-11,13
10/20/20 16:35,10/20/20 16:35,45.57217,-106.79983,163,112,11958.52,11,4.48,-6,14
10/20/20 16:37,10/20/20 16:37,45.55467,-106.73567,159,110,12011.56,11,4.68,0,15
10/20/20 16:39,10/20/20 16:39,45.53817,-106.67233,157,110,12017.35,10,4.7,-4,16
10/20/20 16:41,10/20/20 16:41,45.52083,-106.609,161,111,12020.4,10,4.6,-1,17
10/20/20 16:43,10/20/20 16:43,45.50233,-106.54483,163,113,12042.34,10,4.72,-11,18
10/20/20 16:45,10/20/20 16:45,45.4815,-106.48,170,115,12007.29,10,4.78,-7,19
10/20/20 16:47,10/20/20 16:47,45.4595,-106.41267,176,114,11968.58,10,4.6,-4,20
10/20/20 16:49,10/20/20 16:49,45.438,-106.344,174,113,12004.55,10,4.5,0,21
10/20/20 16:51,10/20/20 16:51,45.41717,-106.27667,172,113,12002.41,10,4.1,2,22
10/20/20 16:53,10/20/20 16:53,45.39683,-106.20917,170,113,12021.31,10,4.28,-2,23
10/20/20 16:55,10/20/20 16:55,45.37683,-106.14217,170,112,12015.52,10,4.56,-4,24
10/20/20 16:59,10/20/20 16:59,45.3385,-106.00883,165,111,12038.38,10,4.24,4,26
10/20/20 17:01,10/20/20 17:01,45.32083,-105.94333,163,110,12045.39,10,4.76,4,27
10/20/20 17:03,10/20/20 17:03,45.30367,-105.87917,159,111,12058.5,10,4.62,-1,28
10/20/20 17:05,10/20/20 17:05,45.28617,-105.81617,159,111,12050.57,11,4.76,-5,29
10/20/20 17:07,10/20/20 17:07,45.26867,-105.75233,161,111,12068.56,11,4.56,0,30
10/20/20 17:09,10/20/20 17:09,45.2505,-105.689,161,112,12039.3,12,4.8,-8,31
10/20/20 17:11,10/20/20 17:11,45.2315,-105.6245,165,112,11944.5,12,4.76,-8,32
10/20/20 17:15,10/20/20 17:15,45.19567,-105.48917,170,109,12034.42,12,4.54,-1,34
10/20/20 17:17,10/20/20 17:17,45.1785,-105.422,167,110,12110.31,12,4.74,-7,35
10/20/20 17:19,10/20/20 17:19,45.161,-105.357,161,111,12040.51,11,4.7,-9,36
10/20/20 17:21,10/20/20 17:21,45.14367,-105.29233,163,110,11939.32,11,4.82,-9,37
10/20/20 17:25,10/20/20 17:25,45.1105,-105.15817,169,108,11991.44,10,4.66,0,39
10/20/20 17:29,10/20/20 17:29,45.0775,-105.02383,165,110,11953.34,10,4.54,3,41
10/20/20 17:31,10/20/20 17:31,45.06083,-104.95867,161,109,12008.51,10,4.58,6,42
10/20/20 17:33,10/20/20 17:33,45.0455,-104.8935,163,107,11990.53,9,4.6,1,43
10/20/20 17:35,10/20/20 17:35,45.03017,-104.8275,165,108,11983.52,10,4.64,5,44
10/20/20 17:37,10/20/20 17:37,45.01433,-104.76217,161,108,12015.52,10,4.58,4,45
10/20/20 17:39,10/20/20 17:39,44.99983,-104.69733,159,107,12029.54,10,4.56,0,46
10/20/20 17:41,10/20/20 17:41,44.98533,-104.633,159,107,12002.41,11,4.48,1,47
10/20/20 17:43,10/20/20 17:43,44.97117,-104.56767,161,107,11944.5,11,4.76,2,48
10/20/20 17:45,10/20/20 17:45,44.95683,-104.50283,157,107,11957.3,11,4.68,0,49
10/20/20 17:47,10/20/20 17:47,44.94267,-104.43917,157,106,11990.53,10,4.62,7,50
10/20/20 17:49,10/20/20 17:49,44.92983,-104.3755,156,104,12019.48,10,4.78,3,51
10/20/20 17:51,10/20/20 17:51,44.91867,-104.31117,156,103,12019.48,,,,
10/20/20 17:55,10/20/20 17:55,44.89717,-104.18333,156,104,11935.36,10,4.68,2,54
10/20/20 17:57,10/20/20 17:57,44.88467,-104.1195,157,105,11947.55,10,4.66,-1,55
10/20/20 17:59,10/20/20 17:59,44.872,-104.05533,156,104,12029.54,10,4.64,1,56
10/20/20 18:01,10/20/20 18:01,44.8615,-103.99167,156,101,12059.41,10,4.86,-6,57
10/20/20 18:03,10/20/20 18:03,44.85267,-103.9275,154,100,12004.55,10,4.56,-6,58
10/20/20 18:05,10/20/20 18:05,44.84467,-103.86367,152,99,12030.46,10,4.64,-10,59
10/20/20 18:09,10/20/20 18:09,44.82917,-103.73533,156,99,12004.55,10,4.74,0,61
10/20/20 18:11,10/20/20 18:11,44.82133,-103.66967,159,100,11973.46,10,4.72,5,62
10/20/20 18:13,10/20/20 18:13,44.81267,-103.6035,159,100,12011.56,10,4.68,3,63
10/20/20 18:15,10/20/20 18:15,44.80417,-103.5375,157,99,12012.47,,,,
10/20/20 18:19,10/20/20 18:19,44.78617,-103.40617,157,101,12003.33,10,4.62,2,66
10/20/20 18:21,10/20/20 18:21,44.77733,-103.34033,159,100,12010.34,9,4.64,-1,67
10/20/20 18:23,10/20/20 18:23,44.769,-103.27333,161,100,12030.46,10,4.54,-3,68
10/20/20 18:25,10/20/20 18:25,44.75983,-103.20633,161,101,12054.54,10,4.76,-3,69
10/20/20 18:27,10/20/20 18:27,44.7495,-103.13967,161,102,12049.35,11,4.64,1,70
10/20/20 18:29,10/20/20 18:29,44.7385,-103.0725,165,103,12042.34,11,4.68,4,71
10/20/20 18:31,10/20/20 18:31,44.72717,-103.005,163,103,12082.58,11,4.78,-1,72
10/20/20 18:33,10/20/20 18:33,44.71633,-102.93833,161,102,12061.55,11,4.64,-2,73
10/20/20 18:35,10/20/20 18:35,44.7055,-102.87167,161,102,11994.49,11,4.6,-8,74
10/20/20 18:37,10/20/20 18:37,44.69433,-102.80533,161,103,11992.36,11,4.7,-2,75
10/20/20 18:39,10/20/20 18:39,44.683,-102.739,161,103,12041.43,11,4.62,1,76
10/20/20 18:41,10/20/20 18:41,44.6715,-102.67233,165,103,12028.32,11,4.64,2,77
10/20/20 18:43,10/20/20 18:43,44.65983,-102.60467,167,103,12011.56,11,4.7,0,78
10/20/20 18:45,10/20/20 18:45,44.648,-102.53567,169,103,12061.55,,,,
10/20/20 18:49,10/20/20 18:49,44.62467,-102.39867,165,102,12028.32,11,4.64,-3,81
10/20/20 18:51,10/20/20 18:51,44.61317,-102.331,165,104,11990.53,10,4.7,0,82
10/20/20 18:53,10/20/20 18:53,44.6005,-102.26317,167,104,11989.31,11,4.66,0,83
10/20/20 18:55,10/20/20 18:55,44.58817,-102.19583,163,103,12044.48,,,,
10/20/20 18:59,10/20/20 18:59,44.56433,-102.06083,169,103,11998.45,11,4.62,2,86
10/20/20 19:01,10/20/20 19:01,44.55317,-101.99183,167,102,12039.3,11,4.62,3,87
10/20/20 19:03,10/20/20 19:03,44.54183,-101.92417,165,102,11984.43,10,4.52,-1,88
10/20/20 19:05,10/20/20 19:05,44.53133,-101.85633,165,101,11988.39,10,4.72,4,89
10/20/20 19:07,10/20/20 19:07,44.52133,-101.78883,161,101,12057.58,10,4.8,-1,90
10/20/20 19:09,10/20/20 19:09,44.51167,-101.72267,159,101,12038.38,10,4.62,4,91
10/20/20 19:11,10/20/20 19:11,44.50167,-101.65667,161,102,12000.59,10,4.62,0,92
10/20/20 19:13,10/20/20 19:13,44.49183,-101.59033,163,101,11976.51,9,4.64,-1,93
10/20/20 19:15,10/20/20 19:15,44.4815,-101.52317,163,102,12032.28,10,4.74,-1,94
10/20/20 19:17,10/20/20 19:17,44.47133,-101.4565,161,102,12048.44,10,4.8,1,95
10/20/20 19:19,10/20/20 19:19,44.46067,-101.39083,161,102,11987.48,10,4.74,-2,96
10/20/20 19:21,10/20/20 19:21,44.45,-101.32433,163,103,11960.35,10,4.56,2,97
10/20/20 19:23,10/20/20 19:23,44.43833,-101.2585,163,103,12028.32,10,4.68,-5,98
10/20/20 19:25,10/20/20 19:25,44.427,-101.19167,165,102,12020.4,10,4.58,-3,99
10/20/20 19:27,10/20/20 19:27,44.41683,-101.12483,161,101,12023.45,11,4.76,1,100
10/20/20 19:29,10/20/20 19:29,44.407,-101.05867,159,101,12017.35,12,4.72,0,101
10/20/20 19:31,10/20/20 19:31,44.3975,-100.993,159,101,12016.44,12,4.72,-2,102
10/20/20 19:35,10/20/20 19:35,44.37767,-100.86167,159,101,12078.31,12,4.82,-7,104
10/20/20 19:37,10/20/20 19:37,44.368,-100.79683,157,101,12022.53,11,4.78,-2,105
10/20/20 19:39,10/20/20 19:39,44.3585,-100.73183,157,101,12035.33,12,4.78,-6,106
10/20/20 19:41,10/20/20 19:41,44.3495,-100.66683,156,101,12074.35,12,4.64,-6,107
10/20/20 19:43,10/20/20 19:43,44.3405,-100.6025,157,101,12013.39,11,4.48,-5,108
10/20/20 19:45,10/20/20 19:45,44.33017,-100.5375,159,102,12000.59,11,4.56,-4,109
10/20/20 19:47,10/20/20 19:47,44.31933,-100.47183,161,103,12034.42,11,4.64,-5,110
10/20/20 19:49,10/20/20 19:49,44.30817,-100.40617,161,103,12034.42,11,4.32,6,111
10/20/20 19:51,10/20/20 19:51,44.297,-100.3405,161,103,11997.54,11,4.54,-4,112
10/20/20 19:53,10/20/20 19:53,44.28617,-100.27467,161,102,12048.44,11,4.66,4,113
10/20/20 19:55,10/20/20 19:55,44.27617,-100.209,159,102,12062.46,12,4.62,-2,114
10/20/20 19:57,10/20/20 19:57,44.266,-100.144,159,102,12015.52,12,4.5,-4,115
10/20/20 19:59,10/20/20 19:59,44.25517,-100.07867,161,103,12042.34,12,4.5,-2,116
10/20/20 20:01,10/20/20 20:01,44.244,-100.01367,159,103,12046.31,11,4.62,0,117
10/20/20 20:03,10/20/20 20:03,44.23283,-99.94867,159,103,12025.58,11,4.64,2,118
10/20/20 20:05,10/20/20 20:05,44.22167,-99.88433,157,103,12043.56,12,4.68,4,119
10/20/20 20:07,10/20/20 20:07,44.211,-99.82067,156,102,12023.45,12,4.6,5,120
10/20/20 20:09,10/20/20 20:09,44.20083,-99.757,157,102,12042.34,12,4.38,4,121
10/20/20 20:11,10/20/20 20:11,44.19017,-99.69267,157,103,12066.42,12,4.78,-2,122
10/20/20 20:13,10/20/20 20:13,44.17917,-99.62867,157,103,12074.35,12,4.74,-7,123
10/20/20 20:15,10/20/20 20:15,44.16883,-99.56517,156,102,12028.32,12,4.76,-4,124
10/20/20 20:17,10/20/20 20:17,44.15883,-99.50183,156,102,12049.35,12,4.48,1,125
10/20/20 20:19,10/20/20 20:19,44.149,-99.43817,156,101,12091.42,12,4.82,1,126
10/20/20 20:21,10/20/20 20:21,44.14033,-99.37367,157,100,12045.39,12,4.66,-2,127
10/20/20 20:23,10/20/20 20:23,44.13183,-99.30917,157,100,12048.44,11,4.64,-4,128
10/20/20 20:25,10/20/20 20:25,44.12367,-99.2445,157,99,12079.53,12,4.78,-4,129
10/20/20 20:27,10/20/20 20:27,44.11617,-99.17967,157,98,12070.38,12,4.76,-1,130
10/20/20 20:29,10/20/20 20:29,44.10917,-99.11483,156,98,12071.3,12,4.66,8,131
10/20/20 20:31,10/20/20 20:31,44.10233,-99.05067,156,98,12045.39,12,3.96,2,132
10/20/20 20:33,10/20/20 20:33,44.09517,-98.98717,154,98,12068.56,12,4.74,0,133
10/20/20 20:35,10/20/20 20:35,44.088,-98.924,154,98,12079.53,12,4.62,-1,134
10/20/20 20:37,10/20/20 20:37,44.08117,-98.86017,156,97,12074.35,12,4.68,-4,135
10/20/20 20:39,10/20/20 20:39,44.07517,-98.79567,156,97,12084.41,12,4.76,1,136
10/20/20 20:41,10/20/20 20:41,44.06933,-98.7305,157,96,12086.54,11,4.64,0,137
10/20/20 20:43,10/20/20 20:43,44.06367,-98.66517,157,96,12078.31,11,4.54,-4,138
10/20/20 20:45,10/20/20 20:45,44.0575,-98.5995,159,98,12058.5,11,4.62,-7,139
10/20/20 20:47,10/20/20 20:47,44.04983,-98.53317,163,99,12053.32,11,4.66,-3,140
10/20/20 20:49,10/20/20 20:49,44.04117,-98.46633,163,100,12062.46,11,4.62,0,141
10/20/20 20:51,10/20/20 20:51,44.032,-98.3995,163,101,12058.5,11,4.6,-4,142
10/20/20 20:53,10/20/20 20:53,44.02267,-98.33317,161,100,12065.51,11,4.72,1,143
10/20/20 20:55,10/20/20 20:55,44.014,-98.26717,161,99,12060.33,11,4.72,2,144
10/20/20 20:57,10/20/20 20:57,44.00633,-98.2015,159,98,12064.29,11,4.74,7,145
10/20/20 20:59,10/20/20 20:59,43.999,-98.1365,157,98,12062.46,11,4.74,8,146
10/20/20 21:01,10/20/20 21:01,43.992,-98.07217,154,99,12028.32,11,4.5,-7,147
10/20/20 21:03,10/20/20 21:03,43.9845,-98.0095,150,99,11994.49,11,4.52,-4,148
10/20/20 21:05,10/20/20 21:05,43.97683,-97.94817,148,100,11992.36,11,4.36,-4,149
10/20/20 21:09,10/20/20 21:09,43.961,-97.8255,148,99,12049.35,12,4.5,-3,151
10/20/20 21:11,10/20/20 21:11,43.95317,-97.76433,150,100,12013.39,12,3.86,-7,152
10/20/20 21:13,10/20/20 21:13,43.94517,-97.70217,152,100,12035.33,10,4.52,-5,153
10/20/20 21:15,10/20/20 21:15,43.93733,-97.63983,152,99,12037.47,11,3.78,-4,154
10/20/20 21:17,10/20/20 21:17,43.92983,-97.57767,152,99,12069.47,11,4.38,0,155
10/20/20 21:19,10/20/20 21:19,43.92267,-97.5165,146,99,12074.35,11,4.36,-8,156
10/20/20 21:21,10/20/20 21:21,43.91567,-97.45583,148,99,12000.59,11,4,-6,157
10/20/20 21:23,10/20/20 21:23,43.90817,-97.39383,152,99,12028.32,11,3.78,-4,158
10/20/20 21:25,10/20/20 21:25,43.90067,-97.33117,154,99,12051.49,10,4.44,2,159
10/20/20 21:27,10/20/20 21:27,43.89283,-97.26817,154,99,12026.49,9,3.72,-6,160
10/20/20 21:31,10/20/20 21:31,43.87683,-97.14167,154,100,12027.41,10,3.3,-3,162
10/20/20 21:33,10/20/20 21:33,43.86867,-97.07883,152,100,12008.51,10,3.34,-5,163
10/20/20 21:35,10/20/20 21:35,43.86033,-97.01733,150,100,12006.38,11,4.5,-9,164
10/20/20 21:37,10/20/20 21:37,43.85233,-96.95617,148,100,11982.3,11,4.58,-5,165
10/20/20 21:39,10/20/20 21:39,43.84483,-96.89583,144,99,11972.54,11,4.32,-6,166